,Time
0,0.005863
1,0.00974
2,0.011362
3,0.013111
4,0.016258
5,0.019112
6,0.022601
7,0.024639
8,0.02687
9,0.029115
10,0.035748
11,0.059389
12,0.060139
13,0.063626
14,0.064847
15,0.064978
16,0.073848
17,0.077404
18,0.085114
19,0.087613
20,0.08935
21,0.099978
22,0.105853
23,0.113884
24,0.114103
25,0.123585
26,0.127239
27,0.132115
28,0.135729
29,0.142121
30,0.145866
31,0.151241
32,0.155923
33,0.155944
34,0.15862
35,0.163842
36,0.163855
37,0.169247
38,0.173715
39,0.178119
40,0.187001
41,0.189443
42,0.199976
43,0.205868
44,0.206243
45,0.206396
46,0.211008
47,0.212347
48,0.213824
49,0.224139
50,0.227106
51,0.229364
52,0.230134
53,0.230373
54,0.236024
55,0.252884
56,0.25713
57,0.266373
58,0.269612
59,0.272933
60,0.278637
61,0.279359
62,0.28861
63,0.289117
64,0.290369
65,0.293898
66,0.300113
67,0.301839
68,0.317866
69,0.322091
70,0.327126
71,0.328098
72,0.329126
73,0.330626
74,0.337634
75,0.339593
76,0.341103
77,0.345177
78,0.359075
79,0.367974
80,0.3686
81,0.371004
82,0.371613
83,0.379185
84,0.388103
85,0.388342
86,0.389005
87,0.394121
88,0.39602
89,0.400371
90,0.406109
91,0.406959
92,0.411113
93,0.412307
94,0.41859
95,0.42611
96,0.427433
97,0.429437
98,0.430985
99,0.438988
100,0.461382
101,0.462342
102,0.468652
103,0.472716
104,0.473327
105,0.477946
106,0.478846
107,0.486147
108,0.489389
109,0.489413
110,0.492053
111,0.494175
112,0.499906
113,0.500599
114,0.514276
115,0.517491
116,0.518127
117,0.519852
118,0.522109
119,0.527502
120,0.530126
121,0.53986
122,0.542637
123,0.544132
124,0.55711
125,0.560109
126,0.560383
127,0.56324
128,0.568113
129,0.572117
130,0.583872
131,0.588589
132,0.589617
133,0.592616
134,0.606667
135,0.610825
136,0.61232
137,0.612331
138,0.61963
139,0.621396
140,0.625214
141,0.625236
142,0.626269
143,0.65713
144,0.660688
145,0.663459
146,0.664479
147,0.669939
148,0.671229
149,0.673705
150,0.678257
151,0.683939
152,0.68937
153,0.690359
154,0.690608
155,0.694892
156,0.706609
157,0.710341
158,0.712393
159,0.713737
160,0.715435
161,0.720438
162,0.739899
163,0.74034
164,0.746856
165,0.753108
166,0.755855
167,0.757726
168,0.760976
169,0.763126
170,0.767746
171,0.771837
172,0.771851
173,0.788474
174,0.78985
175,0.790859
176,0.801083
177,0.806986
178,0.810869
179,0.812459
180,0.812602
181,0.812855
182,0.819329
183,0.822364
184,0.822384
185,0.823404
186,0.847116
187,0.852648
188,0.858867
189,0.860911
190,0.863838
191,0.867694
192,0.872064
193,0.873894
194,0.877655
195,0.882416
196,0.882838
197,0.889172
198,0.893098
199,0.895098
200,0.896469
201,0.914627
202,0.923699
203,0.94026
204,0.944292
205,0.946141
206,0.946978
207,0.948978
208,0.951242
209,0.962458
210,0.963293
211,0.989386
212,0.9894
213,0.992026
214,0.992894
215,0.996888
216,1.004051
217,1.006872
218,1.010964
219,1.011765
220,1.021691
221,1.026624
222,1.042735
223,1.047005
224,1.050352
225,1.051096
226,1.063025
227,1.072357
228,1.074001
229,1.078601
230,1.089709
231,1.09396
232,1.095854
233,1.096353
234,1.10061
235,1.105332
236,1.108612
237,1.126114
238,1.128217
239,1.133236
240,1.140863
241,1.142869
242,1.14512
243,1.148193
244,1.151011
245,1.155999
246,1.161617
247,1.163599
248,1.180375
249,1.188826
250,1.192362
251,1.204864
252,1.206182
253,1.206898
254,1.212067
255,1.213784
256,1.226609
257,1.228738
258,1.228759
259,1.231917
260,1.236582
261,1.251367
262,1.256616
263,1.263565
264,1.27437
265,1.275338
266,1.278758
267,1.279647
268,1.288865
269,1.289087
270,1.290122
271,1.298106
272,1.316625
273,1.324159
274,1.325753
275,1.327252
276,1.332382
277,1.332888
278,1.336163
279,1.339124
280,1.346751
281,1.3528
282,1.355678
283,1.362766
284,1.364012
285,1.370398
286,1.372516
287,1.373781
288,1.388122
289,1.389988
290,1.390207
291,1.394106
292,1.398148
293,1.409618
294,1.412476
295,1.41686
296,1.418239
297,1.42174
298,1.422939
299,1.429873
300,1.431877
301,1.441628
302,1.445876
303,1.451775
304,1.457348
305,1.460624
306,1.468103
307,1.470593
308,1.472872
309,1.477999
310,1.479674
311,1.481349
312,1.482023
313,1.489905
314,1.494853
315,1.496453
316,1.497376
317,1.498377
318,1.507355
319,1.517912
320,1.518928
321,1.521577
322,1.524115
323,1.524138
324,1.526113
325,1.528604
326,1.536109
327,1.545761
328,1.546086
329,1.550017
330,1.551361
331,1.560761
332,1.563617
333,1.574214
334,1.57554
335,1.586792
336,1.589524
337,1.593625
338,1.597875
339,1.598121
340,1.599244
341,1.609196
342,1.611221
343,1.612398
344,1.627501
345,1.635608
346,1.640977
347,1.648636
348,1.651391
349,1.656461
350,1.663463
351,1.664606
352,1.67261
353,1.680339
354,1.680711
355,1.689515
356,1.697843
357,1.706498
358,1.70652
359,1.708844
360,1.712246
361,1.718369
362,1.726619
363,1.72735
364,1.734883
365,1.7372
366,1.739606
367,1.747455
368,1.748522
369,1.765718
370,1.768733
371,1.77046
372,1.774409
373,1.789636
374,1.790779
375,1.791162
376,1.798319
377,1.803369
378,1.814609
379,1.816639
380,1.823514
381,1.826711
382,1.827484
383,1.830837
384,1.832638
385,1.835119
386,1.83661
387,1.841771
388,1.842337
389,1.847879
390,1.850879
391,1.85977
392,1.865343
393,1.873252
394,1.882861
395,1.890511
396,1.898608
397,1.898631
398,1.908148
399,1.908899
400,1.911476
401,1.914132
402,1.915427
403,1.927605
404,1.93486
405,1.937228
406,1.946873
407,1.95786
408,1.959083
409,1.962254
410,1.963613
411,1.963624
412,1.963983
413,1.974611
414,1.990794
415,1.994146
416,1.998747
417,2.009369
418,2.011997
419,2.013621
420,2.013632
421,2.014878
422,2.024404
423,2.026877
424,2.034461
425,2.035131
426,2.037255
427,2.041406
428,2.059135
429,2.061285
430,2.061851
431,2.063892
432,2.075364
433,2.079816
434,2.083245
435,2.090616
436,2.092239
437,2.095372
438,2.105405
439,2.107118
440,2.108767
441,2.110119
442,2.112396
443,2.113887
444,2.118817
445,2.127921
446,2.13837
447,2.147625
448,2.147868
449,2.152724
450,2.156171
451,2.163356
452,2.165307
453,2.174921
454,2.175174
455,2.180004
456,2.190903
457,2.1914
458,2.19776
459,2.210893
460,2.212664
461,2.218929
462,2.227885
463,2.228734
464,2.229641
465,2.231393
466,2.241031
467,2.241608
468,2.242188
469,2.247587
470,2.259917
471,2.264663
472,2.27539
473,2.279416
474,2.280091
475,2.289599
476,2.293692
477,2.294591
478,2.298351
479,2.303094
480,2.308379
481,2.310386
482,2.312612
483,2.319781
484,2.327039
485,2.329905
486,2.332126
487,2.333622
488,2.33663
489,2.348608
490,2.350205
491,2.358061
492,2.37477
493,2.374957
494,2.375481
495,2.376407
496,2.381168
497,2.381308
498,2.381319
499,2.390969
500,2.392736
501,2.398222
502,2.402319
503,2.413848
504,2.421848
505,2.423119
506,2.42735
507,2.430124
508,2.432707
509,2.441871
510,2.441885
511,2.444852
512,2.448096
513,2.448521
514,2.46426
515,2.477258
516,2.479102
517,2.480485
518,2.480953
519,2.490129
520,2.491229
521,2.492631
522,2.498735
523,2.50237
524,2.508858
525,2.523642
526,2.524012
527,2.527215
528,2.52776
529,2.530652
530,2.544444
531,2.547871
532,2.548089
533,2.563626
534,2.566882
535,2.568867
536,2.575151
537,2.576394
538,2.57818
539,2.580404
540,2.580425
541,2.589879
542,2.596739
543,2.598156
544,2.602857
545,2.614187
546,2.614212
547,2.631664
548,2.631676
549,2.634102
550,2.636638
551,2.641756
552,2.646191
553,2.664867
554,2.667121
555,2.681387
556,2.682172
557,2.682613
558,2.683347
559,2.690129
560,2.691872
561,2.696276
562,2.702615
563,2.708592
564,2.712869
565,2.713756
566,2.714375
567,2.728971
568,2.731381
569,2.731975
570,2.738104
571,2.746766
572,2.748233
573,2.76179
574,2.763002
575,2.763962
576,2.767361
577,2.772239
578,2.775116
579,2.775288
580,2.780363
581,2.780856
582,2.782515
583,2.782662
584,2.786113
585,2.790447
586,2.791607
587,2.798399
588,2.803874
589,2.814873
590,2.820127
591,2.827828
592,2.830653
593,2.831374
594,2.838232
595,2.842191
596,2.842375
597,2.845655
598,2.846617
599,2.84852
600,2.880632
601,2.883675
602,2.886585
603,2.887008
604,2.88994
605,2.89086
606,2.891976
607,2.897644
608,2.898985
609,2.909166
610,2.914256
611,2.926984
612,2.92738
613,2.930013
614,2.931608
615,2.932557
616,2.943238
617,2.94655
618,2.948389
619,2.949369
620,2.962778
621,2.964875
622,2.976223
623,2.980997
624,2.983355
625,2.985681
626,2.986191
627,2.989693
628,2.990802
629,2.991351
630,2.992344
631,2.997934
632,2.998944
633,3.02664
634,3.029925
635,3.032365
636,3.037878
637,3.038951
638,3.042515
639,3.046921
640,3.047982
641,3.06561
642,3.074675
643,3.075116
644,3.076867
645,3.082475
646,3.086484
647,3.090617
648,3.097996
649,3.108972
650,3.110619
651,3.113405
652,3.115499
653,3.118181
654,3.124276
655,3.125218
656,3.12575
657,3.131578
658,3.132219
659,3.135149
660,3.148603
661,3.159351
662,3.160122
663,3.162913
664,3.164855
665,3.174379
666,3.174391
667,3.175359
668,3.176103
669,3.179847
670,3.183418
671,3.18616
672,3.191453
673,3.196636
674,3.197852
675,3.207605
676,3.213993
677,3.214582
678,3.226343
679,3.227462
680,3.237389
681,3.239586
682,3.240716
683,3.242372
684,3.246591
685,3.258542
686,3.263475
687,3.264876
688,3.265369
689,3.266344
690,3.275644
691,3.281173
692,3.281905
693,3.282871
694,3.28518
695,3.286348
696,3.28848
697,3.28975
698,3.290273
699,3.30173
700,3.301858
701,3.305892
702,3.308576
703,3.309434
704,3.309736
705,3.31204
706,3.314091
707,3.316585
708,3.317712
709,3.321935
710,3.331609
711,3.331865
712,3.335606
713,3.346362
714,3.34651
715,3.346523
716,3.347133
717,3.347892
718,3.348665
719,3.349664
720,3.358486
721,3.362895
722,3.365426
723,3.36667
724,3.368616
725,3.369768
726,3.37165
727,3.373372
728,3.374221
729,3.376154
730,3.376178
731,3.37876
732,3.380627
733,3.386648
734,3.397268
735,3.4035
736,3.408604
737,3.414203
738,3.415127
739,3.416303
740,3.421901
741,3.424385
742,3.425622
743,3.428357
744,3.431889
745,3.432597
746,3.434055
747,3.435029
748,3.440635
749,3.441107
750,3.4424
751,3.44771
752,3.44818
753,3.449376
754,3.465617
755,3.469887
756,3.471455
757,3.473691
758,3.483864
759,3.484384
760,3.486643
761,3.49236
762,3.493611
763,3.494108
764,3.497124
765,3.498611
766,3.508611
767,3.513395
768,3.514589
769,3.515738
770,3.521519
771,3.523495
772,3.53523
773,3.535887
774,3.542092
775,3.544148
776,3.548264
777,3.554102
778,3.55964
779,3.561272
780,3.566021
781,3.566874
782,3.568348
783,3.569997
784,3.571123
785,3.575504
786,3.579624
787,3.58095
788,3.581098
789,3.581399
790,3.587159
791,3.587351
792,3.594029
793,3.595881
794,3.59786
795,3.608204
796,3.61276
797,3.616412
798,3.617856
799,3.621613
800,3.625111
801,3.625984
802,3.626107
803,3.626883
804,3.632131
805,3.63236
806,3.637263
807,3.640792
808,3.644961
809,3.650097
810,3.659988
811,3.66805
812,3.674517
813,3.681601
814,3.682268
815,3.682723
816,3.682737
817,3.687125
818,3.692527
819,3.692744
820,3.696253
821,3.698352
822,3.700978
823,3.724376
824,3.731876
825,3.73265
826,3.739335
827,3.746697
828,3.748006
829,3.750833
830,3.75133
831,3.75798
832,3.759431
833,3.782643
834,3.787015
835,3.788891
836,3.791429
837,3.794046
838,3.800501
839,3.804466
840,3.807865
841,3.808889
842,3.815001
843,3.826499
844,3.832702
845,3.836372
846,3.836845
847,3.83837
848,3.846978
849,3.858475
850,3.859174
851,3.863951
852,3.870508
853,3.879362
854,3.882018
855,3.88358
856,3.888661
857,3.889916
858,3.889931
859,3.893356
860,3.907916
861,3.913866
862,3.915608
863,3.922517
864,3.92937
865,3.932978
866,3.939089
867,3.941587
868,3.943188
869,3.951098
870,3.971775
871,3.972953
872,3.975119
873,3.980898
874,3.982206
875,3.98302
876,3.985104
877,3.993349
878,3.997856
879,4.026609
880,4.026936
881,4.035171
882,4.041121
883,4.043519
884,4.044139
885,4.047399
886,4.049573
887,4.057922
888,4.062526
889,4.070918
890,4.077127
891,4.082905
892,4.082932
893,4.108402
894,4.110758
895,4.11376
896,4.115802
897,4.115942
898,4.126986
899,4.128721
900,4.136655
901,4.136919
902,4.154033
903,4.158135
904,4.16019
905,4.165782
906,4.166013
907,4.166929
908,4.16694
909,4.181267
910,4.182392
911,4.193609
912,4.194986
913,4.210528
914,4.215828
915,4.217447
916,4.22489
917,4.228871
918,4.242377
919,4.247137
920,4.248619
921,4.254166
922,4.260844
923,4.265604
924,4.266122
925,4.268377
926,4.283849
927,4.295227
928,4.296128
929,4.302109
930,4.311355
931,4.31438
932,4.316885
933,4.317029
934,4.320937
935,4.325389
936,4.329607
937,4.339709
938,4.350587
939,4.354363
940,4.364593
941,4.367822
942,4.368291
943,4.372616
944,4.377124
945,4.381919
946,4.401945
947,4.402372
948,4.406853
949,4.414631
950,4.416273
951,4.416898
952,4.420652
953,4.425951
954,4.427247
955,4.429328
956,4.450613
957,4.454137
958,4.462113
959,4.466932
960,4.476309
961,4.476833
962,4.482385
963,4.486596
964,4.495871
965,4.50042
966,4.508847
967,4.509515
968,4.517173
969,4.527147
970,4.528844
971,4.534225
972,4.537897
973,4.548348
974,4.549624
975,4.554712
976,4.558631
977,4.561225
978,4.566932
979,4.568951
980,4.577977
981,4.584104
982,4.587333
983,4.600646
984,4.602107
985,4.608613
986,4.614365
987,4.616169
988,4.627501
989,4.634095
990,4.642989
991,4.644364
992,4.650632
993,4.652855
994,4.654624
995,4.676128
996,4.677728
997,4.680637
998,4.681846
999,4.683985
1000,4.701115
1001,4.704164
1002,4.70986
1003,4.714119
1004,4.726669
1005,4.727679
1006,4.732371
1007,4.734231
1008,4.738145
1009,4.73817
1010,4.749765
1011,4.750935
1012,4.752107
1013,4.754334
1014,4.754609
1015,4.762361
1016,4.76912
1017,4.775965
1018,4.777736
1019,4.785748
1020,4.801513
1021,4.802627
1022,4.802641
1023,4.805783
1024,4.811755
1025,4.815935
1026,4.822457
1027,4.827382
1028,4.82798
1029,4.8342
1030,4.83819
1031,4.845507
1032,4.845874
1033,4.863943
1034,4.867237
1035,4.870649
1036,4.878806
1037,4.882874
1038,4.884364
1039,4.890866
1040,4.894518
1041,4.894984
1042,4.897694
1043,4.916269
1044,4.928295
1045,4.930155
1046,4.938377
1047,4.942133
1048,4.945201
1049,4.947482
1050,4.948855
1051,4.951754
1052,4.964998
1053,4.967247
1054,4.970801
1055,4.978203
1056,4.988009
1057,4.996363
1058,4.997104
1059,5.00936
1060,5.017121
1061,5.017149
1062,5.022121
1063,5.024422
1064,5.027872
1065,5.028831
1066,5.030814
1067,5.03114
1068,5.031342
1069,5.032356
1070,5.041636
1071,5.044743
1072,5.050612
1073,5.051339
1074,5.060524
1075,5.065841
1076,5.067754
1077,5.070733
1078,5.077843
1079,5.07809
1080,5.078105
1081,5.08289
1082,5.095614
1083,5.102487
1084,5.103275
1085,5.103288
1086,5.113016
1087,5.116939
1088,5.121717
1089,5.128114
1090,5.12915
1091,5.129456
1092,5.130108
1093,5.132242
1094,5.13401
1095,5.142154
1096,5.152671
1097,5.16404
1098,5.164067
1099,5.168423
1100,5.177919
1101,5.178393
1102,5.183093
1103,5.187068
1104,5.189388
1105,5.196867
1106,5.199492
1107,5.202054
1108,5.202848
1109,5.204988
1110,5.218524
1111,5.228258
1112,5.229842
1113,5.231421
1114,5.232127
1115,5.23214
1116,5.239881
1117,5.240643
1118,5.250371
1119,5.250848
1120,5.251506
1121,5.252605
1122,5.262508
1123,5.263599
1124,5.268839
1125,5.268975
1126,5.278117
1127,5.280615
1128,5.299042
1129,5.300705
1130,5.301558
1131,5.301573
1132,5.305214
1133,5.316827
1134,5.322293
1135,5.323894
1136,5.328117
1137,5.332127
1138,5.332411
1139,5.342324
1140,5.342415
1141,5.346596
1142,5.350766
1143,5.351242
1144,5.36121
1145,5.36245
1146,5.365756
1147,5.377594
1148,5.379254
1149,5.380804
1150,5.385013
1151,5.397405
1152,5.398647
1153,5.398926
1154,5.401501
1155,5.405808
1156,5.406075
1157,5.418854
1158,5.425118
1159,5.429036
1160,5.432508
1161,5.440707
1162,5.44156
1163,5.450138
1164,5.453116
1165,5.457433
1166,5.460984
1167,5.46484
1168,5.467717
1169,5.477662
1170,5.483218
1171,5.484116
1172,5.484988
1173,5.498367
1174,5.501943
1175,5.501957
1176,5.505125
1177,5.508626
1178,5.511101
1179,5.517528
1180,5.518971
1181,5.519373
1182,5.528602
1183,5.531947
1184,5.533975
1185,5.549484
1186,5.551607
1187,5.558855
1188,5.558998
1189,5.560858
1190,5.568834
1191,5.578105
1192,5.579008
1193,5.579432
1194,5.580885
1195,5.584914
1196,5.589207
1197,5.598874
1198,5.600712
1199,5.610969
1200,5.61377
1201,5.614912
1202,5.61712
1203,5.61987
1204,5.624962
1205,5.62812
1206,5.631022
1207,5.640038
1208,5.640052
1209,5.648123
1210,5.648616
1211,5.650649
1212,5.650662
1213,5.652603
1214,5.66412
1215,5.666602
1216,5.6706
1217,5.671169
1218,5.674423
1219,5.677975
1220,5.679151
1221,5.686356
1222,5.688702
1223,5.699884
1224,5.701578
1225,5.709462
1226,5.710655
1227,5.712986
1228,5.718511
1229,5.719358
1230,5.729662
1231,5.729981
1232,5.733783
1233,5.736876
1234,5.743111
1235,5.74566
1236,5.750398
1237,5.750985
1238,5.752895
1239,5.760363
1240,5.767374
1241,5.772389
1242,5.775999
1243,5.77644
1244,5.778896
1245,5.780018
1246,5.783649
1247,5.802353
1248,5.804485
1249,5.806747
1250,5.811896
1251,5.813983
1252,5.817409
1253,5.821455
1254,5.828854
1255,5.83449
1256,5.844138
1257,5.85086
1258,5.852139
1259,5.855219
1260,5.858509
1261,5.861866
1262,5.863585
1263,5.870489
1264,5.872233
1265,5.877616
1266,5.878709
1267,5.883841
1268,5.888367
1269,5.904724
1270,5.908196
1271,5.91188
1272,5.914431
1273,5.914615
1274,5.916368
1275,5.917475
1276,5.929749
1277,5.930269
1278,5.934202
1279,5.9411
1280,5.941872
1281,5.945497
1282,5.955187
1283,5.961003
1284,5.972001
1285,5.972476
1286,5.973352
1287,5.979101
1288,5.980174
1289,5.980705
1290,5.984359
1291,5.984654
1292,5.98761
1293,5.988706
1294,5.989954
1295,5.998486
1296,6.000463
1297,6.013398
1298,6.029304
1299,6.029536
1300,6.033737
1301,6.035489
1302,6.040801
1303,6.046005
1304,6.050406
1305,6.051149
1306,6.060743
1307,6.067307
1308,6.067867
1309,6.072831
1310,6.07889
1311,6.083125
1312,6.085177
1313,6.096366
1314,6.100134
1315,6.110391
1316,6.117962
1317,6.120605
1318,6.125803
1319,6.128834
1320,6.134736
1321,6.139607
1322,6.146121
1323,6.149871
1324,6.149894
1325,6.155858
1326,6.161877
1327,6.167513
1328,6.178436
1329,6.188772
1330,6.193723
1331,6.199597
1332,6.200342
1333,6.205972
1334,6.211496
1335,6.212118
1336,6.216157
1337,6.218574
1338,6.21872
1339,6.221726
1340,6.222174
1341,6.223223
1342,6.224951
1343,6.229151
1344,6.237373
1345,6.244449
1346,6.248107
1347,6.251001
1348,6.25125
1349,6.256129
1350,6.268394
1351,6.270631
1352,6.278654
1353,6.283109
1354,6.283483
1355,6.284507
1356,6.288488
1357,6.294866
1358,6.295083
1359,6.31902
1360,6.32059
1361,6.329115
1362,6.332377
1363,6.332625
1364,6.335142
1365,6.345095
1366,6.347826
1367,6.349595
1368,6.35037
1369,6.355853
1370,6.363802
1371,6.369207
1372,6.370447
1373,6.379207
1374,6.383132
1375,6.388199
1376,6.394908
1377,6.411393
1378,6.417606
1379,6.418906
1380,6.419782
1381,6.427877
1382,6.430248
1383,6.430272
1384,6.433367
1385,6.455168
1386,6.456162
1387,6.45927
1388,6.468881
1389,6.469016
1390,6.47565
1391,6.477243
1392,6.47825
1393,6.47935
1394,6.485659
1395,6.486465
1396,6.494611
1397,6.494644
1398,6.503805
1399,6.505258
1400,6.505271
1401,6.508298
1402,6.519713
1403,6.522273
1404,6.523883
1405,6.523895
1406,6.528357
1407,6.529358
1408,6.532637
1409,6.541609
1410,6.545102
1411,6.551519
1412,6.55361
1413,6.55637
1414,6.55698
1415,6.571134
1416,6.579135
1417,6.579584
1418,6.58284
1419,6.590618
1420,6.591862
1421,6.603497
1422,6.619717
1423,6.619734
1424,6.620124
1425,6.622098
1426,6.623344
1427,6.628103
1428,6.629372
1429,6.640137
1430,6.641981
1431,6.651382
1432,6.653472
1433,6.656712
1434,6.658522
1435,6.661973
1436,6.669655
1437,6.674832
1438,6.67936
1439,6.68471
1440,6.696611
1441,6.703862
1442,6.707082
1443,6.715139
1444,6.71686
1445,6.71899
1446,6.719745
1447,6.720159
1448,6.729523
1449,6.738295
1450,6.747904
1451,6.749624
1452,6.751874
1453,6.751887
1454,6.753617
1455,6.757105
1456,6.763233
1457,6.773153
1458,6.774837
1459,6.779883
1460,6.791731
1461,6.793106
1462,6.808609
1463,6.808629
1464,6.810352
1465,6.812608
1466,6.817607
1467,6.819443
1468,6.828757
1469,6.829412
1470,6.838757
1471,6.852666
1472,6.855447
1473,6.856642
1474,6.857656
1475,6.858661
1476,6.869618
1477,6.880114
1478,6.880638
1479,6.883378
1480,6.887704
1481,6.907627
1482,6.908996
1483,6.909667
1484,6.911677
1485,6.91688
1486,6.919178
1487,6.919646
1488,6.920405
1489,6.928698
1490,6.929423
1491,6.940182
1492,6.942397
1493,6.948165
1494,6.949427
1495,6.963109
1496,6.968832
1497,6.970134
1498,6.978132
1499,6.979866
1500,6.979881
1501,6.982921
1502,6.985793
1503,6.989113
1504,6.992124
1505,6.99801
1506,7.011091
1507,7.011105
1508,7.011612
1509,7.019371
1510,7.029396
1511,7.036542
1512,7.040358
1513,7.047901
1514,7.054782
1515,7.055596
1516,7.061704
1517,7.067656
1518,7.079365
1519,7.079392
1520,7.082489
1521,7.085147
1522,7.085602
1523,7.103863
1524,7.113007
1525,7.115671
1526,7.116956
1527,7.129245
1528,7.131873
1529,7.134448
1530,7.135608
1531,7.140369
1532,7.142872
1533,7.147138
1534,7.150872
1535,7.157369
1536,7.162875
1537,7.179876
1538,7.183648
1539,7.196184
1540,7.19966
1541,7.200997
1542,7.20128
1543,7.213429
1544,7.214709
1545,7.218677
1546,7.229666
1547,7.232292
1548,7.239636
1549,7.240736
1550,7.248365
1551,7.250864
1552,7.266892
1553,7.267608
1554,7.26886
1555,7.281615
1556,7.285127
1557,7.28612
1558,7.29697
1559,7.297348
1560,7.299503
1561,7.302291
1562,7.302401
1563,7.315545
1564,7.324101
1565,7.325865
1566,7.328346
1567,7.333931
1568,7.333954
1569,7.337772
1570,7.340529
1571,7.341097
1572,7.343594
1573,7.346649
1574,7.347446
1575,7.34928
1576,7.35164
1577,7.351857
1578,7.353374
1579,7.365353
1580,7.365369
1581,7.365379
1582,7.381363
1583,7.385955
1584,7.398634
1585,7.400614
1586,7.414673
1587,7.415608
1588,7.415756
1589,7.419115
1590,7.424126
1591,7.432078
1592,7.434675
1593,7.436345
1594,7.438825
1595,7.440687
1596,7.443398
1597,7.463292
1598,7.465109
1599,7.465625
1600,7.468123
1601,7.482412
1602,7.485967
1603,7.4861
1604,7.499276
1605,7.501352
1606,7.501363
1607,7.514607
1608,7.515537
1609,7.518603
1610,7.523854
1611,7.535205
1612,7.535455
1613,7.536204
1614,7.540632
1615,7.553215
1616,7.563261
1617,7.563511
1618,7.563525
1619,7.565635
1620,7.568466
1621,7.568861
1622,7.583022
1623,7.585364
1624,7.593893
1625,7.601292
1626,7.604348
1627,7.612101
1628,7.613345
1629,7.614593
1630,7.617846
1631,7.618873
1632,7.618884
1633,7.619344
1634,7.624145
1635,7.632073
1636,7.632086
1637,7.652427
1638,7.663753
1639,7.667806
1640,7.669611
1641,7.67261
1642,7.673956
1643,7.682331
1644,7.685709
1645,7.699091
1646,7.701514
1647,7.701833
1648,7.707585
1649,7.712588
1650,7.713862
1651,7.714962
1652,7.718838
1653,7.724346
1654,7.725765
1655,7.726337
1656,7.731621
1657,7.740698
1658,7.743972
1659,7.743992
1660,7.746997
1661,7.753982
1662,7.758244
1663,7.759994
1664,7.764722
1665,7.764735
1666,7.767254
1667,7.770098
1668,7.782849
1669,7.796009
1670,7.805105
1671,7.811732
1672,7.813689
1673,7.814129
1674,7.817105
1675,7.817705
1676,7.819106
1677,7.82449
1678,7.825708
1679,7.830613
1680,7.831731
1681,7.832359
1682,7.838367
1683,7.842124
1684,7.85137
1685,7.85161
1686,7.853874
1687,7.863747
1688,7.865969
1689,7.868122
1690,7.871255
1691,7.87165
1692,7.890232
1693,7.898097
1694,7.903102
1695,7.913704
1696,7.914098
1697,7.916098
1698,7.918979
1699,7.921601
1700,7.924356
1701,7.927778
1702,7.935231
1703,7.940268
1704,7.942814
1705,7.95282
1706,7.953237
1707,7.955032
1708,7.964239
1709,7.965856
1710,7.966691
1711,7.979863
1712,7.985243
1713,7.985384
1714,7.990241
1715,7.998902
1716,8.00463
1717,8.008239
1718,8.013839
1719,8.015341
1720,8.016846
1721,8.017589
1722,8.029747
1723,8.029761
1724,8.033844
1725,8.034895
1726,8.035343
1727,8.043103
1728,8.044591
1729,8.05485
1730,8.054863
1731,8.057098
1732,8.064099
1733,8.066106
1734,8.067875
1735,8.079864
1736,8.081328
1737,8.084608
1738,8.095602
1739,8.099606
1740,8.104613
1741,8.107905
1742,8.112741
1743,8.113457
1744,8.114233
1745,8.11596
1746,8.119215
1747,8.120787
1748,8.124365
1749,8.129967
1750,8.139361
1751,8.143841
1752,8.14982
1753,8.150716
1754,8.154373
1755,8.157575
1756,8.163951
1757,8.163996
1758,8.165669
1759,8.166842
1760,8.185197
1761,8.186497
1762,8.191226
1763,8.206275
1764,8.210879
1765,8.213133
1766,8.213951
1767,8.214126
1768,8.215958
1769,8.216151
1770,8.220226
1771,8.231238
1772,8.231567
1773,8.23461
1774,8.241988
1775,8.252873
1776,8.254017
1777,8.261394
1778,8.261406
1779,8.264069
1780,8.264218
1781,8.266598
1782,8.268586
1783,8.276151
1784,8.291203
1785,8.297497
1786,8.301281
1787,8.303935
1788,8.306146
1789,8.31292
1790,8.314218
1791,8.318747
1792,8.319396
1793,8.331889
1794,8.33313
1795,8.335615
1796,8.346263
1797,8.351058
1798,8.352384
1799,8.353977
1800,8.359953
1801,8.363953
1802,8.364705
1803,8.370263
1804,8.382091
1805,8.391612
1806,8.394063
1807,8.396848
1808,8.40237
1809,8.414437
1810,8.418987
1811,8.419612
1812,8.420547
1813,8.428218
1814,8.428587
1815,8.432004
1816,8.437369
1817,8.439069
1818,8.446526
1819,8.462225
1820,8.463722
1821,8.464203
1822,8.469602
1823,8.470196
1824,8.473748
1825,8.474848
1826,8.475121
1827,8.486676
1828,8.497903
1829,8.498378
1830,8.502358
1831,8.514018
1832,8.51967
1833,8.523973
1834,8.525041
1835,8.536197
1836,8.546344
1837,8.546358
1838,8.553616
1839,8.565004
1840,8.565663
1841,8.57338
1842,8.574915
1843,8.575115
1844,8.580341
1845,8.58638
1846,8.593695
1847,8.598078
1848,8.601203
1849,8.603002
1850,8.611362
1851,8.61491
1852,8.622225
1853,8.624001
1854,8.624976
1855,8.630057
1856,8.645864
1857,8.65299
1858,8.653981
1859,8.658354
1860,8.660986
1861,8.664395
1862,8.665357
1863,8.665369
1864,8.667372
1865,8.668984
1866,8.675397
1867,8.677117
1868,8.701578
1869,8.702088
1870,8.703971
1871,8.704622
1872,8.705113
1873,8.714257
1874,8.714841
1875,8.715991
1876,8.720157
1877,8.725727
1878,8.734383
1879,8.753456
1880,8.753701
1881,8.754482
1882,8.758624
1883,8.761881
1884,8.764707
1885,8.765224
1886,8.767001
1887,8.768883
1888,8.769606
1889,8.786163
1890,8.799183
1891,8.80399
1892,8.804355
1893,8.807098
1894,8.80712
1895,8.814116
1896,8.815364
1897,8.817209
1898,8.829166
1899,8.829862
1900,8.833861
1901,8.846086
1902,8.853593
1903,8.853941
1904,8.854117
1905,8.858341
1906,8.859592
1907,8.863844
1908,8.865117
1909,8.874444
1910,8.876876
1911,8.876896
1912,8.886322
1913,8.887668
1914,8.893204
1915,8.898614
1916,8.90363
1917,8.913231
1918,8.915202
1919,8.919992
1920,8.924661
1921,8.930368
1922,8.938757
1923,8.94287
1924,8.946856
1925,8.948464
1926,8.952285
1927,8.954392
1928,8.959115
1929,8.965419
1930,8.966096
1931,8.985374
1932,8.987249
1933,8.989878
1934,8.999349
1935,9.000373
1936,9.002884
1937,9.004155
1938,9.004166
1939,9.015134
1940,9.019127
1941,9.020105
1942,9.025385
1943,9.034639
1944,9.035848
1945,9.037952
1946,9.042104
1947,9.046447
1948,9.048481
1949,9.052855
1950,9.054202
1951,9.06561
1952,9.066603
1953,9.074247
1954,9.074269
1955,9.080432
1956,9.081264
1957,9.082632
1958,9.087529
1959,9.088115
1960,9.104769
1961,9.111871
1962,9.111883
1963,9.113971
1964,9.115263
1965,9.118512
1966,9.131597
1967,9.134477
1968,9.135716
1969,9.138192
1970,9.142256
1971,9.152982
1972,9.154728
1973,9.15747
1974,9.158848
1975,9.161504
1976,9.165758
1977,9.171792
1978,9.181359
1979,9.187975
1980,9.203869
1981,9.208485
1982,9.208629
1983,9.208776
1984,9.214892
1985,9.220398
1986,9.220857
1987,9.23049
1988,9.232622
1989,9.235622
1990,9.237518
1991,9.238861
1992,9.239359
1993,9.242374
1994,9.250224
1995,9.259094
1996,9.260338
1997,9.26487
1998,9.272871
1999,9.280091
2000,9.281894
2001,9.286218
2002,9.288579
2003,9.300112
2004,9.309103
2005,9.315388
2006,9.316174
2007,9.322133
2008,9.328131
2009,9.331103
2010,9.334688
2011,9.342592
2012,9.352988
2013,9.357641
2014,9.361515
2015,9.36388
2016,9.365107
2017,9.371384
2018,9.375385
2019,9.382235
2020,9.38892
2021,9.399728
2022,9.401929
2023,9.402534
2024,9.406998
2025,9.409529
2026,9.4154
2027,9.419507
2028,9.421625
2029,9.422118
2030,9.435376
2031,9.43707
2032,9.440629
2033,9.442597
2034,9.443598
2035,9.450873
2036,9.453871
2037,9.459104
2038,9.46161
2039,9.465099
2040,9.470729
2041,9.471727
2042,9.47285
2043,9.477253
2044,9.480852
2045,9.487551
2046,9.506108
2047,9.51236
2048,9.512958
2049,9.513134
2050,9.515091
2051,9.521837
2052,9.522239
2053,9.530849
2054,9.531463
2055,9.539871
2056,9.540115
2057,9.542689
2058,9.546341
2059,9.550872
2060,9.553642
2061,9.558092
2062,9.562127
2063,9.562152
2064,9.565149
2065,9.566844
2066,9.57142
2067,9.60615
2068,9.608857
2069,9.611031
2070,9.615606
2071,9.616102
2072,9.619853
2073,9.622107
2074,9.622652
2075,9.623399
2076,9.626128
2077,9.630862
2078,9.635114
2079,9.636329
2080,9.637107
2081,9.643083
2082,9.647608
2083,9.650756
2084,9.652605
2085,9.662835
2086,9.665335
2087,9.668092
2088,9.668235
2089,9.671112
2090,9.684116
2091,9.685589
2092,9.686366
2093,9.688789
2094,9.702491
2095,9.703341
2096,9.704594
2097,9.710102
2098,9.712768
2099,9.715736
2100,9.719574
2101,9.723246
2102,9.726121
2103,9.731248
2104,9.735351
2105,9.735364
2106,9.741354
2107,9.742776
2108,9.749175
2109,9.753886
2110,9.76036
2111,9.762102
2112,9.765491
2113,9.769105
2114,9.776472
2115,9.781856
2116,9.788385
2117,9.797023
2118,9.800985
2119,9.805465
2120,9.814346
2121,9.817117
2122,9.825844
2123,9.828344
2124,9.828364
2125,9.829715
2126,9.837497
2127,9.843865
2128,9.857855
2129,9.865102
2130,9.868624
2131,9.871055
2132,9.875914
2133,9.8791
2134,9.885482
2135,9.888884
2136,9.896352
2137,9.898078
2138,9.90351
2139,9.913396
2140,9.921589
2141,9.926366
2142,9.936786
2143,9.938111
2144,9.938611
2145,9.939836
2146,9.942335
2147,9.948212
2148,9.958114
2149,9.962337
2150,9.967101
2151,9.968591
2152,9.973115
2153,9.988452
2154,9.988669
2155,9.998847
2156,10.000119
2157,10.003127
2158,10.003395
2159,10.013129
2160,10.021505
2161,10.023375
2162,10.025849
2163,10.02635
2164,10.029607
2165,10.030854
2166,10.031726
2167,10.033603
2168,10.042111
2169,10.050612
2170,10.050929
2171,10.055312
2172,10.058611
2173,10.061582
2174,10.066614
2175,10.070865
2176,10.07369
2177,10.083143
2178,10.085947
2179,10.087087
2180,10.095613
2181,10.112021
2182,10.113361
2183,10.1216
2184,10.122193
2185,10.12234
2186,10.124167
2187,10.124342
2188,10.12635
2189,10.131102
2190,10.133846
2191,10.140872
2192,10.1451
2193,10.145322
2194,10.148826
2195,10.154316
2196,10.15863
2197,10.16086
2198,10.165814
2199,10.171109
2200,10.1716
2201,10.173379
2202,10.189136
2203,10.200384
2204,10.207183
2205,10.209857
2206,10.210832
2207,10.211183
2208,10.212787
2209,10.215617
2210,10.222367
2211,10.224868
2212,10.231189
2213,10.234919
2214,10.237776
2215,10.242363
2216,10.245222
2217,10.250941
2218,10.255869
2219,10.256892
2220,10.258699
2221,10.258724
2222,10.263204
2223,10.265052
2224,10.27218
2225,10.301702
2226,10.305202
2227,10.307251
2228,10.310109
2229,10.316111
2230,10.317486
2231,10.317676
2232,10.321871
2233,10.322964
2234,10.326203
2235,10.347739
2236,10.348384
2237,10.351866
2238,10.35686
2239,10.357485
2240,10.357733
2241,10.365168
2242,10.367438
2243,10.371946
2244,10.374204
2245,10.37937
2246,10.386191
2247,10.388622
2248,10.400723
2249,10.401617
2250,10.406369
2251,10.406844
2252,10.409351
2253,10.410719
2254,10.42263
2255,10.436611
2256,10.445209
2257,10.445424
2258,10.445437
2259,10.445701
2260,10.446176
2261,10.447102
2262,10.45028
2263,10.455227
2264,10.456929
2265,10.45798
2266,10.462627
2267,10.472372
2268,10.490333
2269,10.498161
2270,10.504191
2271,10.504612
2272,10.506485
2273,10.510089
2274,10.510486
2275,10.513618
2276,10.522091
2277,10.522491
2278,10.537424
2279,10.548593
2280,10.550095
2281,10.558354
2282,10.569857
2283,10.572378
2284,10.572391
2285,10.579715
2286,10.588495
2287,10.593203
2288,10.593452
2289,10.598114
2290,10.599829
2291,10.603908
2292,10.604854
2293,10.608605
2294,10.609103
2295,10.622863
2296,10.626461
2297,10.62814
2298,10.629607
2299,10.632493
2300,10.641616
2301,10.649983
2302,10.655552
2303,10.661369
2304,10.661938
2305,10.669345
2306,10.673141
2307,10.680458
2308,10.682719
2309,10.693701
2310,10.69644
2311,10.699383
2312,10.701538
2313,10.722509
2314,10.72285
2315,10.728893
2316,10.73346
2317,10.735262
2318,10.738011
2319,10.744361
2320,10.745636
2321,10.746353
2322,10.751416
2323,10.751604
2324,10.753381
2325,10.773137
2326,10.776592
2327,10.78513
2328,10.785152
2329,10.789121
2330,10.796102
2331,10.808648
2332,10.810115
2333,10.813121
2334,10.815093
2335,10.816964
2336,10.827625
2337,10.830507
2338,10.836346
2339,10.837629
2340,10.841875
2341,10.853612
2342,10.855605
2343,10.85815
2344,10.862101
2345,10.862351
2346,10.862498
2347,10.866606
2348,10.873481
2349,10.873877
2350,10.876889
2351,10.897981
2352,10.902516
2353,10.904316
2354,10.911965
2355,10.91679
2356,10.922923
2357,10.923337
2358,10.934993
2359,10.938693
2360,10.955092
2361,10.956966
2362,10.962371
2363,10.963342
2364,10.964617
2365,10.966468
2366,10.968724
2367,10.973094
2368,10.977096
2369,10.982422
2370,10.989223
2371,11.000144
2372,11.007659
2373,11.012101
2374,11.014225
2375,11.026626
2376,11.028856
2377,11.035358
2378,11.039286
2379,11.050124
2380,11.056793
2381,11.057261
2382,11.062363
2383,11.068592
2384,11.070038
2385,11.070862
2386,11.070876
2387,11.077364
2388,11.079839
2389,11.099879
2390,11.100876
2391,11.105128
2392,11.105342
2393,11.106345
2394,11.112104
2395,11.11322
2396,11.123573
2397,11.136267
2398,11.141736
2399,11.1469
2400,11.147984
2401,11.149659
2402,11.150953
2403,11.157862
2404,11.162086
2405,11.168782
2406,11.169605
2407,11.173377
2408,11.177354
2409,11.190166
2410,11.202865
2411,11.205625
2412,11.207087
2413,11.209065
2414,11.212617
2415,11.214363
2416,11.219869
2417,11.226623
2418,11.239095
2419,11.244448
2420,11.250375
2421,11.259461
2422,11.260872
2423,11.262887
2424,11.266597
2425,11.270103
2426,11.270117
2427,11.271599
2428,11.274104
2429,11.277599
2430,11.280275
2431,11.306454
2432,11.306604
2433,11.312696
2434,11.317533
2435,11.323185
2436,11.323582
2437,11.336576
2438,11.346744
2439,11.350841
2440,11.351611
2441,11.352371
2442,11.356104
2443,11.356238
2444,11.357523
2445,11.36254
2446,11.363519
2447,11.366906
2448,11.371006
2449,11.373425
2450,11.376451
2451,11.377391
2452,11.384975
2453,11.389459
2454,11.39921
2455,11.403312
2456,11.40798
2457,11.41448
2458,11.418648
2459,11.424589
2460,11.430478
2461,11.43629
2462,11.438602
2463,11.449611
2464,11.452856
2465,11.459859
2466,11.463105
2467,11.469559
2468,11.473117
2469,11.47361
2470,11.473985
2471,11.477642
2472,11.47886
2473,11.480875
2474,11.497664
2475,11.501771
2476,11.505389
2477,11.507089
2478,11.518898
2479,11.5224
2480,11.532099
2481,11.534844
2482,11.538372
2483,11.539172
2484,11.547601
2485,11.556175
2486,11.558873
2487,11.559949
2488,11.570686
2489,11.571675
2490,11.575155
2491,11.577476
2492,11.585104
2493,11.595809
2494,11.599384
2495,11.605739
2496,11.606081
2497,11.608212
2498,11.609958
2499,11.622338
2500,11.630966
2501,11.634095
2502,11.638667
2503,11.642022
2504,11.657715
2505,11.660922
2506,11.661968
2507,11.663666
2508,11.673575
2509,11.684697
2510,11.689604
2511,11.693102
2512,11.702725
2513,11.705376
2514,11.705576
2515,11.706652
2516,11.714954
2517,11.715424
2518,11.721858
2519,11.725302
2520,11.73336
2521,11.736387
2522,11.738958
2523,11.738982
2524,11.742361
2525,11.745481
2526,11.757109
2527,11.766435
2528,11.767611
2529,11.769617
2530,11.776471
2531,11.780496
2532,11.79023
2533,11.794205
2534,11.806859
2535,11.807473
2536,11.816504
2537,11.816853
2538,11.821601
2539,11.822822
2540,11.825542
2541,11.829779
2542,11.830848
2543,11.840855
2544,11.843955
2545,11.847425
2546,11.859476
2547,11.866004
2548,11.869012
2549,11.872234
2550,11.873782
2551,11.877233
2552,11.889209
2553,11.890959
2554,11.891458
2555,11.900345
2556,11.915104
2557,11.916364
2558,11.927773
2559,11.935
2560,11.94035
2561,11.941841
2562,11.942167
2563,11.943119
2564,11.9523
2565,11.957046
2566,11.961447
2567,11.965955
2568,11.968802
2569,11.980862
2570,11.989964
2571,11.991452
2572,11.991675
2573,11.994652
2574,12.001204
2575,12.005456
2576,12.005468
2577,12.011636
2578,12.016434
2579,12.024361
2580,12.036399
2581,12.04355
2582,12.047611
2583,12.051212
2584,12.056631
2585,12.06664
2586,12.070528
2587,12.07288
2588,12.077617
2589,12.093626
2590,12.097871
2591,12.100848
2592,12.103251
2593,12.11163
2594,12.113348
2595,12.11658
2596,12.123226
2597,12.125108
2598,12.125347
2599,12.139261
2600,12.143393
2601,12.147353
2602,12.150888
2603,12.166368
2604,12.172293
2605,12.181368
2606,12.190872
2607,12.193128
2608,12.195252
2609,12.197872
2610,12.202755
2611,12.203739
2612,12.205905
2613,12.21694
2614,12.222627
2615,12.22598
2616,12.23535
2617,12.237343
2618,12.239122
2619,12.241352
2620,12.247847
2621,12.25745
2622,12.266583
2623,12.267974
2624,12.27036
2625,12.2705
2626,12.272749
2627,12.28997
2628,12.29512
2629,12.297538
2630,12.297955
2631,12.301021
2632,12.303865
2633,12.306121
2634,12.306261
2635,12.310049
2636,12.310958
2637,12.330621
2638,12.335618
2639,12.336688
2640,12.347189
2641,12.347706
2642,12.350146
2643,12.356699
2644,12.357844
2645,12.362243
2646,12.36239
2647,12.362403
2648,12.370852
2649,12.374023
2650,12.381668
2651,12.390233
2652,12.395455
2653,12.396858
2654,12.3982
2655,12.399958
2656,12.405118
2657,12.40671
2658,12.407426
2659,12.409227
2660,12.413454
2661,12.423162
2662,12.436768
2663,12.447724
2664,12.450435
2665,12.459268
2666,12.465219
2667,12.465938
2668,12.467372
2669,12.471723
2670,12.472189
2671,12.473972
2672,12.475264
2673,12.475864
2674,12.479189
2675,12.480365
2676,12.480792
2677,12.482191
2678,12.48634
2679,12.488951
2680,12.490043
2681,12.490489
2682,12.495016
2683,12.495293
2684,12.497968
2685,12.500743
2686,12.508102
2687,12.514245
2688,12.524207
2689,12.537201
2690,12.545707
2691,12.548081
2692,12.55051
2693,12.551451
2694,12.554082
2695,12.556219
2696,12.560367
2697,12.563468
2698,12.564463
2699,12.564477
2700,12.565455
2701,12.568605
2702,12.571728
2703,12.57448
2704,12.575757
2705,12.577208
2706,12.582714
2707,12.591249
2708,12.598119
2709,12.59911
2710,12.600719
2711,12.603698
2712,12.60507
2713,12.607987
2714,12.608436
2715,12.609235
2716,12.610846
2717,12.612496
2718,12.613095
2719,12.614521
2720,12.622879
2721,12.647864
2722,12.649353
2723,12.651094
2724,12.656359
2725,12.657855
2726,12.658254
2727,12.658443
2728,12.66474
2729,12.664763
2730,12.666456
2731,12.67855
2732,12.692701
2733,12.697927
2734,12.701655
2735,12.702131
2736,12.703165
2737,12.70993
2738,12.714636
2739,12.723736
2740,12.725241
2741,12.735937
2742,12.740348
2743,12.742625
2744,12.745395
2745,12.751097
2746,12.753002
2747,12.755877
2748,12.759468
2749,12.764403
2750,12.766204
2751,12.767226
2752,12.772606
2753,12.775365
2754,12.790636
2755,12.799253
2756,12.802865
2757,12.804104
2758,12.811513
2759,12.814365
2760,12.81736
2761,12.830966
2762,12.832713
2763,12.833729
2764,12.840717
2765,12.845714
2766,12.848203
2767,12.852998
2768,12.853484
2769,12.854385
2770,12.857114
2771,12.864757
2772,12.865708
2773,12.867367
2774,12.870717
2775,12.875117
2776,12.88697
2777,12.895467
2778,12.896273
2779,12.897997
2780,12.898213
2781,12.903234
2782,12.907229
2783,12.910481
2784,12.916978
2785,12.922852
2786,12.924553
2787,12.929004
2788,12.929504
2789,12.936008
2790,12.948355
2791,12.948503
2792,12.950707
2793,12.962136
2794,12.967534
2795,12.96795
2796,12.973736
2797,12.98614
2798,12.987864
2799,12.989768
2800,12.990881
2801,12.998516
2802,12.99884
2803,13.005382
2804,13.017644
2805,13.025087
2806,13.029471
2807,13.030368
2808,13.033355
2809,13.034599
2810,13.035373
2811,13.037947
2812,13.048922
2813,13.049068
2814,13.051381
2815,13.058967
2816,13.060857
2817,13.065485
2818,13.070034
2819,13.076947
2820,13.085448
2821,13.090858
2822,13.098109
2823,13.098623
2824,13.100609
2825,13.102907
2826,13.109209
2827,13.113103
2828,13.124353
2829,13.129755
2830,13.132179
2831,13.132357
2832,13.13622
2833,13.136482
2834,13.139749
2835,13.149547
2836,13.150992
2837,13.151341
2838,13.15354
2839,13.155014
2840,13.157848
2841,13.167533
2842,13.178219
2843,13.181595
2844,13.199759
2845,13.200952
2846,13.201845
2847,13.203519
2848,13.207078
2849,13.209378
2850,13.212283
2851,13.223726
2852,13.227633
2853,13.2306
2854,13.230748
2855,13.232348
2856,13.234296
2857,13.237624
2858,13.237659
2859,13.245665
2860,13.249515
2861,13.250861
2862,13.253364
2863,13.259078
2864,13.263341
2865,13.267465
2866,13.267481
2867,13.28177
2868,13.284517
2869,13.285233
2870,13.286342
2871,13.298867
2872,13.302594
2873,13.305163
2874,13.307344
2875,13.308087
2876,13.313487
2877,13.317361
2878,13.325601
2879,13.325617
2880,13.329373
2881,13.330841
2882,13.341375
2883,13.347367
2884,13.349593
2885,13.350745
2886,13.354619
2887,13.362877
2888,13.369374
2889,13.369773
2890,13.371855
2891,13.373625
2892,13.381362
2893,13.390358
2894,13.390602
2895,13.392361
2896,13.399634
2897,13.408917
2898,13.411111
2899,13.419332
2900,13.429145
2901,13.431635
2902,13.437518
2903,13.439009
2904,13.439861
2905,13.449361
2906,13.45912
2907,13.466839
2908,13.472742
2909,13.473513
2910,13.473867
2911,13.481874
2912,13.482845
2913,13.483618
2914,13.491392
2915,13.498845
2916,13.504102
2917,13.507223
2918,13.518175
2919,13.520355
2920,13.522357
2921,13.524859
2922,13.529327
2923,13.531858
2924,13.539957
2925,13.540601
2926,13.549085
2927,13.550604
2928,13.555732
2929,13.555744
2930,13.557605
2931,13.571842
2932,13.573762
2933,13.582035
2934,13.591587
2935,13.599136
2936,13.59915
2937,13.601767
2938,13.60178
2939,13.604095
2940,13.606843
2941,13.609117
2942,13.622599
2943,13.629421
2944,13.634844
2945,13.647881
2946,13.649097
2947,13.657025
2948,13.658856
2949,13.670479
2950,13.672402
2951,13.673977
2952,13.680612
2953,13.685355
2954,13.698333
2955,13.699131
2956,13.70569
2957,13.706492
2958,13.710773
2959,13.72461
2960,13.72512
2961,13.727615
2962,13.729586
2963,13.731088
2964,13.734868
2965,13.739121
2966,13.740386
2967,13.740841
2968,13.741089
2969,13.743369
2970,13.749621
2971,13.749842
2972,13.753102
2973,13.755876
2974,13.758351
2975,13.762351
2976,13.769927
2977,13.774026
2978,13.780381
2979,13.785398
2980,13.788972
2981,13.790348
2982,13.791849
2983,13.798197
2984,13.799419
2985,13.799669
2986,13.803582
2987,13.804599
2988,13.813188
2989,13.824988
2990,13.825355
2991,13.834983
2992,13.841387
2993,13.844119
2994,13.848585
2995,13.848884
2996,13.849232
2997,13.84938
2998,13.850357
2999,13.852214
3000,13.866863
3001,13.873621
3002,13.881539
3003,13.884338
3004,13.885089
3005,13.889098
3006,13.890017
3007,13.891343
3008,13.897693
3009,13.899191
3010,13.9022
3011,13.907127
3012,13.917845
3013,13.931356
3014,13.938885
3015,13.942868
3016,13.948603
3017,13.949224
3018,13.951601
3019,13.955308
3020,13.958578
3021,13.96837
3022,13.96863
3023,13.981709
3024,13.982759
3025,13.98464
3026,13.988623
3027,13.989583
3028,13.99284
3029,13.999512
3030,14.001726
3031,14.006972
3032,14.007437
3033,14.018439
3034,14.031255
3035,14.033848
3036,14.039501
3037,14.044382
3038,14.049146
3039,14.05135
3040,14.057404
3041,14.057872
3042,14.059852
3043,14.07986
3044,14.08289
3045,14.086259
3046,14.086406
3047,14.088861
3048,14.09161
3049,14.099634
3050,14.101866
3051,14.108097
3052,14.109865
3053,14.115357
3054,14.121396
3055,14.126615
3056,14.131358
3057,14.140593
3058,14.141984
3059,14.149138
3060,14.151844
3061,14.160967
3062,14.163353
3063,14.165864
3064,14.167114
3065,14.174657
3066,14.186106
3067,14.186121
3068,14.192103
3069,14.193096
3070,14.199096
3071,14.199355
3072,14.203107
3073,14.203132
3074,14.212183
3075,14.216339
3076,14.221361
3077,14.222858
3078,14.223962
3079,14.243114
3080,14.247591
3081,14.249991
3082,14.252381
3083,14.261851
3084,14.263867
3085,14.265596
3086,14.277642
3087,14.277918
3088,14.27886
3089,14.278872
3090,14.28978
3091,14.293966
3092,14.299353
3093,14.302629
3094,14.302864
3095,14.311008
3096,14.313871
3097,14.315591
3098,14.326259
3099,14.328382
3100,14.328524
3101,14.334628
3102,14.349255
3103,14.360664
3104,14.363513
3105,14.364076
3106,14.368115
3107,14.3736
3108,14.375103
3109,14.375865
3110,14.38011
3111,14.380755
3112,14.387861
3113,14.393221
3114,14.394365
3115,14.396886
3116,14.399236
3117,14.412896
3118,14.414142
3119,14.416222
3120,14.423375
3121,14.431471
3122,14.43812
3123,14.438588
3124,14.44184
3125,14.443492
3126,14.448845
3127,14.449614
3128,14.450589
3129,14.459099
3130,14.466943
3131,14.470599
3132,14.474859
3133,14.476195
3134,14.478695
3135,14.488861
3136,14.490855
3137,14.493078
3138,14.4995
3139,14.500476
3140,14.50278
3141,14.516977
3142,14.520004
3143,14.536118
3144,14.545422
3145,14.547395
3146,14.549445
3147,14.550066
3148,14.552896
3149,14.558838
3150,14.559236
3151,14.560909
3152,14.564616
3153,14.566161
3154,14.576243
3155,14.584374
3156,14.58913
3157,14.590375
3158,14.591725
3159,14.599897
3160,14.60327
3161,14.610595
3162,14.617646
3163,14.620104
3164,14.621672
3165,14.623129
3166,14.625102
3167,14.625348
3168,14.631357
3169,14.631783
3170,14.6386
3171,14.644983
3172,14.64964
3173,14.650125
3174,14.651576
3175,14.656052
3176,14.675998
3177,14.677707
3178,14.682741
3179,14.686234
3180,14.690901
3181,14.692119
3182,14.692359
3183,14.694868
3184,14.696887
3185,14.699589
3186,14.71326
3187,14.717764
3188,14.723446
3189,14.727423
3190,14.733385
3191,14.736319
3192,14.744533
3193,14.747057
3194,14.747253
3195,14.749202
3196,14.750252
3197,14.759199
3198,14.759731
3199,14.760805
3200,14.765487
3201,14.771155
3202,14.783376
3203,14.786005
3204,14.791719
3205,14.792862
3206,14.799995
3207,14.802869
3208,14.810616
3209,14.811989
3210,14.81969
3211,14.821158
3212,14.825917
3213,14.827743
3214,14.834092
3215,14.846628
3216,14.847388
3217,14.85062
3218,14.850634
3219,14.856371
3220,14.856741
3221,14.869799
3222,14.87085
3223,14.87114
3224,14.877034
3225,14.877944
3226,14.878217
3227,14.883102
3228,14.89188
3229,14.893255
3230,14.900609
3231,14.900871
3232,14.920608
3233,14.92085
3234,14.92236
3235,14.926078
3236,14.93069
3237,14.931804
3238,14.933102
3239,14.943271
3240,14.950487
3241,14.956113
3242,14.957607
3243,14.959747
3244,14.960831
3245,14.970234
3246,14.971471
3247,14.971487
3248,14.979744
3249,14.982755
3250,14.989135
3251,14.99223
3252,14.995971
3253,15.00038
3254,15.004745
3255,15.004759
3256,15.005591
3257,15.00719
3258,15.007497
3259,15.007964
3260,15.009751
3261,15.015907
3262,15.016339
3263,15.018641
3264,15.019876
3265,15.022404
3266,15.023475
3267,15.024651
3268,15.026229
3269,15.032855
3270,15.047267
3271,15.050713
3272,15.050856
3273,15.053382
3274,15.055598
3275,15.059612
3276,15.06085
3277,15.061735
3278,15.065985
3279,15.074137
3280,15.082863
3281,15.092965
3282,15.094364
3283,15.095614
3284,15.098987
3285,15.100238
3286,15.100607
3287,15.101008
3288,15.103496
3289,15.10521
3290,15.11025
3291,15.116867
3292,15.118861
3293,15.120369
3294,15.126396
3295,15.130419
3296,15.140004
3297,15.140596
3298,15.147867
3299,15.150797
3300,15.150822
3301,15.153893
3302,15.159417
3303,15.159593
3304,15.160844
3305,15.166374
3306,15.170851
3307,15.190387
3308,15.197322
3309,15.197339
3310,15.19905
3311,15.201214
3312,15.203216
3313,15.208891
3314,15.216786
3315,15.217028
3316,15.221385
3317,15.226415
3318,15.236993
3319,15.24329
3320,15.245833
3321,15.248092
3322,15.250848
3323,15.252748
3324,15.259551
3325,15.264676
3326,15.269628
3327,15.274371
3328,15.281598
3329,15.286692
3330,15.293284
3331,15.294278
3332,15.300319
3333,15.301094
3334,15.308646
3335,15.313854
3336,15.317145
3337,15.327106
3338,15.328797
3339,15.337233
3340,15.347866
3341,15.350742
3342,15.350883
3343,15.352617
3344,15.359569
3345,15.367837
3346,15.36918
3347,15.372358
3348,15.375396
3349,15.379739
3350,15.381392
3351,15.39702
3352,15.401278
3353,15.401303
3354,15.40747
3355,15.408113
3356,15.408869
3357,15.420039
3358,15.423223
3359,15.426115
3360,15.42614
3361,15.441519
3362,15.44622
3363,15.44872
3364,15.450626
3365,15.451118
3366,15.459275
3367,15.459592
3368,15.459606
3369,15.470357
3370,15.473248
3371,15.481101
3372,15.491223
3373,15.493394
3374,15.499338
3375,15.501157
3376,15.501687
3377,15.502861
3378,15.504461
3379,15.50636
3380,15.525758
3381,15.526108
3382,15.54034
3383,15.540886
3384,15.550585
3385,15.551264
3386,15.551278
3387,15.552337
3388,15.553714
3389,15.559593
3390,15.562342
3391,15.581727
3392,15.587093
3393,15.591395
3394,15.600348
3395,15.601346
3396,15.602922
3397,15.604098
3398,15.621334
3399,15.627352
3400,15.629608
3401,15.631734
3402,15.633351
3403,15.637851
3404,15.641135
3405,15.647211
3406,15.650362
3407,15.65108
3408,15.659787
3409,15.666315
3410,15.673335
3411,15.681612
3412,15.686387
3413,15.688196
3414,15.691214
3415,15.693845
3416,15.698616
3417,15.701589
3418,15.70307
3419,15.708146
3420,15.712605
3421,15.721099
3422,15.726672
3423,15.728746
3424,15.734125
3425,15.742372
3426,15.750527
3427,15.750669
3428,15.751854
3429,15.758825
3430,15.762851
3431,15.771103
3432,15.781389
3433,15.78141
3434,15.782328
3435,15.790913
3436,15.793362
3437,15.799835
3438,15.802039
3439,15.802837
3440,15.806859
3441,15.809637
3442,15.817611
3443,15.820139
3444,15.820787
3445,15.827343
3446,15.833637
3447,15.841245
3448,15.841387
3449,15.851625
3450,15.851843
3451,15.860099
3452,15.864843
3453,15.872353
3454,15.875858
3455,15.878594
3456,15.882872
3457,15.891609
3458,15.89363
3459,15.894258
3460,15.900865
3461,15.901386
3462,15.904514
3463,15.914137
3464,15.914158
3465,15.916117
3466,15.940708
3467,15.947837
3468,15.951141
3469,15.951165
3470,15.954236
3471,15.957613
3472,15.960268
3473,15.96041
3474,15.965201
3475,15.96636
3476,15.973132
3477,15.980379
3478,15.99453
3479,15.998127
3480,16.001348
3481,16.001592
3482,16.002367
3483,16.00412
3484,16.007225
3485,16.013219
3486,16.016669
3487,16.026358
3488,16.033057
3489,16.04099
3490,16.051601
3491,16.051977
3492,16.053829
3493,16.059364
3494,16.060675
3495,16.061363
3496,16.063608
3497,16.081866
3498,16.085267
3499,16.093403
3500,16.093426
3501,16.100146
3502,16.10062
3503,16.101593
3504,16.105426
3505,16.107852
3506,16.108387
3507,16.108611
3508,16.121354
3509,16.124592
3510,16.127879
3511,16.130631
3512,16.134726
3513,16.135602
3514,16.13659
3515,16.141598
3516,16.151944
3517,16.158648
3518,16.159948
3519,16.160095
3520,16.169096
3521,16.170725
3522,16.182577
3523,16.186101
3524,16.197405
3525,16.198284
3526,16.200467
3527,16.201388
3528,16.205612
3529,16.207815
3530,16.209389
3531,16.218366
3532,16.218505
3533,16.221697
3534,16.234936
3535,16.242778
3536,16.246295
3537,16.251948
3538,16.251966
3539,16.252218
3540,16.259822
3541,16.261425
3542,16.270751
3543,16.2746
3544,16.282895
3545,16.284627
3546,16.293653
3547,16.299452
3548,16.300475
3549,16.301421
3550,16.307906
3551,16.308256
3552,16.32145
3553,16.32761
3554,16.341862
3555,16.350086
3556,16.35093
3557,16.351689
3558,16.358417
3559,16.360365
3560,16.365719
3561,16.370716
3562,16.373666
3563,16.376234
3564,16.393354
3565,16.394899
3566,16.400645
3567,16.401139
3568,16.401371
3569,16.408376
3570,16.420689
3571,16.422153
3572,16.422493
3573,16.440886
3574,16.441504
3575,16.444712
3576,16.451605
3577,16.451857
3578,16.461447
3579,16.466109
3580,16.472854
3581,16.492183
3582,16.493108
3583,16.494611
3584,16.495491
3585,16.500649
3586,16.501633
3587,16.501936
3588,16.50817
3589,16.514144
3590,16.520594
3591,16.541529
3592,16.55163
3593,16.552516
3594,16.560624
3595,16.562104
3596,16.562626
3597,16.565903
3598,16.574628
3599,16.584829
3600,16.58773
3601,16.591829
3602,16.602081
3603,16.602751
3604,16.603149
3605,16.607507
3606,16.625095
3607,16.625853
3608,16.628605
3609,16.635266
3610,16.639112
3611,16.64112
3612,16.649236
3613,16.65236
3614,16.652377
3615,16.673823
3616,16.674938
3617,16.675315
3618,16.685287
3619,16.689718
3620,16.693876
3621,16.702123
3622,16.708426
3623,16.714228
3624,16.71713
3625,16.724609
3626,16.727632
3627,16.734901
3628,16.735124
3629,16.739356
3630,16.741102
3631,16.749102
3632,16.749599
3633,16.75198
3634,16.752327
3635,16.75234
3636,16.759643
3637,16.763918
3638,16.774966
3639,16.786116
3640,16.790603
3641,16.795893
3642,16.803692
3643,16.805879
3644,16.80591
3645,16.807996
3646,16.821964
3647,16.823416
3648,16.824624
3649,16.825039
3650,16.827158
3651,16.827182
3652,16.841036
3653,16.849271
3654,16.852608
3655,16.86113
3656,16.865609
3657,16.868705
3658,16.871014
3659,16.872603
3660,16.873358
3661,16.875264
3662,16.882017
3663,16.893296
3664,16.901619
3665,16.90176
3666,16.902754
3667,16.906368
3668,16.908164
3669,16.918685
3670,16.923542
3671,16.927875
3672,16.928384
3673,16.933342
3674,16.933634
3675,16.936449
3676,16.94247
3677,16.952626
3678,16.957998
3679,16.960665
3680,16.962652
3681,16.968842
3682,16.972944
3683,16.973842
3684,16.977943
3685,16.983287
3686,16.987168
3687,16.990353
3688,16.99145
3689,17.000885
3690,17.00273
3691,17.005137
3692,17.006422
3693,17.00928
3694,17.018435
3695,17.019958
3696,17.021959
3697,17.021973
3698,17.023326
3699,17.028888
3700,17.040562
3701,17.040711
3702,17.050114
3703,17.053268
3704,17.057659
3705,17.059407
3706,17.062888
3707,17.06886
3708,17.090003
3709,17.095848
3710,17.103056
3711,17.10359
3712,17.105974
3713,17.106926
3714,17.108586
3715,17.10935
3716,17.112608
3717,17.1196
3718,17.153114
3719,17.159099
3720,17.160109
3721,17.160376
3722,17.162693
3723,17.169085
3724,17.174168
3725,17.176146
3726,17.178868
3727,17.181413
3728,17.190288
3729,17.19241
3730,17.199508
3731,17.201341
3732,17.203083
3733,17.205082
3734,17.207913
3735,17.210159
3736,17.213211
3737,17.213359
3738,17.219112
3739,17.226128
3740,17.226946
3741,17.228241
3742,17.229187
3743,17.2359
3744,17.237472
3745,17.239606
3746,17.244339
3747,17.251875
3748,17.25334
3749,17.263101
3750,17.263118
3751,17.26548
3752,17.269996
3753,17.27611
3754,17.283729
3755,17.284207
3756,17.290298
3757,17.293498
3758,17.293966
3759,17.30285
3760,17.305103
3761,17.312954
3762,17.314723
3763,17.325988
3764,17.329189
3765,17.331294
3766,17.335366
3767,17.336291
3768,17.338918
3769,17.351293
3770,17.35181
3771,17.353359
3772,17.35492
3773,17.374353
3774,17.375688
3775,17.376648
3776,17.38323
3777,17.38509
3778,17.395503
3779,17.401801
3780,17.402919
3781,17.405627
3782,17.410302
3783,17.415365
3784,17.427508
3785,17.43474
3786,17.440458
3787,17.445078
3788,17.44751
3789,17.453577
3790,17.459464
3791,17.46208
3792,17.465614
3793,17.477732
3794,17.483385
3795,17.485936
3796,17.488111
3797,17.48931
3798,17.49419
3799,17.502919
3800,17.50872
3801,17.508962
3802,17.511997
3803,17.512018
3804,17.529348
3805,17.535892
3806,17.539343
3807,17.547751
3808,17.553099
3809,17.55936
3810,17.559869
3811,17.561622
3812,17.562215
3813,17.577852
3814,17.583584
3815,17.585852
3816,17.589829
3817,17.593736
3818,17.594975
3819,17.596253
3820,17.60221
3821,17.602653
3822,17.603355
3823,17.607361
3824,17.608251
3825,17.608399
3826,17.608413
3827,17.60908
3828,17.612462
3829,17.627442
3830,17.636015
3831,17.636159
3832,17.638362
3833,17.639263
3834,17.641219
3835,17.644964
3836,17.653469
3837,17.661216
3838,17.664106
3839,17.665816
3840,17.681353
3841,17.683426
3842,17.685195
3843,17.690504
3844,17.690973
3845,17.694393
3846,17.69758
3847,17.702929
3848,17.70465
3849,17.705594
3850,17.707983
3851,17.708598
3852,17.710646
3853,17.710975
3854,17.713979
3855,17.718584
3856,17.72153
3857,17.7221
3858,17.730538
3859,17.730554
3860,17.730686
3861,17.735861
3862,17.736362
3863,17.745857
3864,17.753364
3865,17.760043
3866,17.761584
3867,17.767207
3868,17.768384
3869,17.768759
3870,17.775091
3871,17.776612
3872,17.782844
3873,17.786618
3874,17.791372
3875,17.797371
3876,17.800622
3877,17.801641
3878,17.802823
3879,17.810227
3880,17.812693
3881,17.818092
3882,17.820967
3883,17.822975
3884,17.828221
3885,17.842099
3886,17.843598
3887,17.843747
3888,17.853097
3889,17.8572
3890,17.860324
3891,17.86085
3892,17.863828
3893,17.867028
3894,17.868678
3895,17.86897
3896,17.869251
3897,17.871352
3898,17.877004
3899,17.878331
3900,17.878731
3901,17.880532
3902,17.898468
3903,17.909526
3904,17.910569
3905,17.918188
3906,17.920044
3907,17.922876
3908,17.932727
3909,17.936008
3910,17.936033
3911,17.936679
3912,17.94523
3913,17.949194
3914,17.951347
3915,17.956224
3916,17.960652
3917,17.963711
3918,17.965418
3919,17.969595
3920,17.970872
3921,17.976354
3922,17.982473
3923,17.984448
3924,17.985448
3925,17.999366
3926,18.0026
3927,18.003558
3928,18.006492
3929,18.009993
3930,18.011262
3931,18.016207
3932,18.019738
3933,18.021084
3934,18.028232
3935,18.030488
3936,18.04159
3937,18.047408
3938,18.05092
3939,18.051111
3940,18.053092
3941,18.054435
3942,18.057381
3943,18.06987
3944,18.07698
3945,18.079354
3946,18.089605
3947,18.094906
3948,18.095994
3949,18.096877
3950,18.101976
3951,18.105452
3952,18.107879
3953,18.11353
3954,18.120011
3955,18.120471
3956,18.120972
3957,18.128204
3958,18.13373
3959,18.140095
3960,18.150762
3961,18.151011
3962,18.153373
3963,18.161864
3964,18.162714
3965,18.170586
3966,18.173607
3967,18.176976
3968,18.177258
3969,18.183391
3970,18.187359
3971,18.191367
3972,18.196186
3973,18.198612
3974,18.20297
3975,18.207288
3976,18.210404
3977,18.212139
3978,18.213118
3979,18.220273
3980,18.224599
3981,18.224623
3982,18.226598
3983,18.226966
3984,18.233874
3985,18.237351
3986,18.238876
3987,18.241843
3988,18.246727
3989,18.250706
3990,18.254236
3991,18.260084
3992,18.262613
3993,18.270488
3994,18.273849
3995,18.277113
3996,18.278676
3997,18.279225
3998,18.279709
3999,18.285355
4000,18.28696
4001,18.306609
4002,18.309588
4003,18.320372
4004,18.320957
4005,18.327091
4006,18.330449
4007,18.332444
4008,18.334294
4009,18.338545
4010,18.340653
4011,18.34187
4012,18.34512
4013,18.347251
4014,18.352626
4015,18.356378
4016,18.362846
4017,18.368873
4018,18.376094
4019,18.379342
4020,18.386884
4021,18.388601
4022,18.395781
4023,18.396354
4024,18.402737
4025,18.404158
4026,18.406854
4027,18.407098
4028,18.407857
4029,18.408105
4030,18.410111
4031,18.4109
4032,18.411883
4033,18.413284
4034,18.413432
4035,18.4176
4036,18.417885
4037,18.418852
4038,18.430312
4039,18.434385
4040,18.44229
4041,18.446912
4042,18.448781
4043,18.451102
4044,18.453094
4045,18.45469
4046,18.455207
4047,18.456982
4048,18.460623
4049,18.465482
4050,18.469341
4051,18.470611
4052,18.47837
4053,18.479087
4054,18.479924
4055,18.489928
4056,18.497961
4057,18.503371
4058,18.508598
4059,18.509093
4060,18.509841
4061,18.509854
4062,18.511591
4063,18.514092
4064,18.51809
4065,18.518894
4066,18.520427
4067,18.524375
4068,18.529357
4069,18.534359
4070,18.537345
4071,18.542322
4072,18.548375
4073,18.551298
4074,18.556133
4075,18.560415
4076,18.563874
4077,18.575113
4078,18.575377
4079,18.58202
4080,18.587115
4081,18.587863
4082,18.594108
4083,18.598966
4084,18.610735
4085,18.612335
4086,18.619118
4087,18.623712
4088,18.630719
4089,18.634121
4090,18.634142
4091,18.637873
4092,18.64484
4093,18.647097
4094,18.653622
4095,18.658617
4096,18.66997
4097,18.676858
4098,18.679454
4099,18.688282
4100,18.694737
4101,18.695748
4102,18.697209
4103,18.71491
4104,18.717888
4105,18.721109
4106,18.727869
4107,18.737014
4108,18.741883
4109,18.744096
4110,18.745919
4111,18.756267
4112,18.763386
4113,18.766008
4114,18.766019
4115,18.766027
4116,18.766154
4117,18.771867
4118,18.786873
4119,18.78784
4120,18.791591
4121,18.79418
4122,18.803106
4123,18.812634
4124,18.814485
4125,18.819509
4126,18.819531
4127,18.820479
4128,18.831364
4129,18.840365
4130,18.841949
4131,18.844605
4132,18.847349
4133,18.854409
4134,18.855603
4135,18.87033
4136,18.875877
4137,18.881076
4138,18.887916
4139,18.890589
4140,18.894118
4141,18.896615
4142,18.9085
4143,18.921119
4144,18.922091
4145,18.923148
4146,18.929879
4147,18.940876
4148,18.942627
4149,18.944855
4150,18.958697
4151,18.96426
4152,18.971358
4153,18.973621
4154,18.984383
4155,18.987125
4156,18.994641
4157,18.996592
4158,18.997357
4159,19.008345
4160,19.009889
4161,19.020587
4162,19.024396
4163,19.04442
4164,19.054722
4165,19.05712
4166,19.062117
4167,19.06335
4168,19.064116
4169,19.066586
4170,19.067841
4171,19.070756
4172,19.075469
4173,19.092361
4174,19.09463
4175,19.108224
4176,19.111116
4177,19.11763
4178,19.122017
4179,19.123627
4180,19.130893
4181,19.142081
4182,19.145246
4183,19.160944
4184,19.163585
4185,19.165467
4186,19.168375
4187,19.170868
4188,19.179875
4189,19.187696
4190,19.191143
4191,19.194713
4192,19.209999
4193,19.210945
4194,19.220359
4195,19.223674
4196,19.229625
4197,19.231852
4198,19.241978
4199,19.246105
4200,19.254853
4201,19.259577
4202,19.260445
4203,19.260655
4204,19.260933
4205,19.262984
4206,19.265081
4207,19.268608
4208,19.271235
4209,19.274632
4210,19.276903
4211,19.298612
4212,19.304638
4213,19.309088
4214,19.310618
4215,19.321191
4216,19.326151
4217,19.329376
4218,19.342377
4219,19.344971
4220,19.352114
4221,19.354596
4222,19.360847
4223,19.361625
4224,19.361777
4225,19.365009
4226,19.3676
4227,19.375601
4228,19.388107
4229,19.394628
4230,19.39659
4231,19.404882
4232,19.410603
4233,19.42193
4234,19.426656
4235,19.444484
4236,19.445333
4237,19.451106
4238,19.45186
4239,19.45369
4240,19.454659
4241,19.456873
4242,19.45811
4243,19.458383
4244,19.458886
4245,19.462611
4246,19.46434
4247,19.467366
4248,19.495
4249,19.504126
4250,19.508351
4251,19.50937
4252,19.511596
4253,19.521328
4254,19.522323
4255,19.529705
4256,19.531599
4257,19.537599
4258,19.544881
4259,19.552009
4260,19.559406
4261,19.561229
4262,19.567583
4263,19.576083
4264,19.588487
4265,19.588499
4266,19.592589
4267,19.594867
4268,19.596966
4269,19.597109
4270,19.598411
4271,19.61637
4272,19.637916
4273,19.643851
4274,19.644345
4275,19.650595
4276,19.652097
4277,19.65497
4278,19.664097
4279,19.664112
4280,19.664878
4281,19.687642
4282,19.688924
4283,19.693369
4284,19.694337
4285,19.700694
4286,19.710896
4287,19.720982
4288,19.730209
4289,19.731234
4290,19.737861
4291,19.738336
4292,19.740967
4293,19.745369
4294,19.752357
4295,19.759974
4296,19.772429
4297,19.778826
4298,19.789502
4299,19.791603
4300,19.793847
4301,19.795172
4302,19.797231
4303,19.797572
4304,19.8116
4305,19.823407
4306,19.825607
4307,19.839355
4308,19.840677
4309,19.842853
4310,19.845464
4311,19.850012
4312,19.863629
4313,19.864492
4314,19.865892
4315,19.874362
4316,19.87486
4317,19.888694
4318,19.893094
4319,19.895196
4320,19.90849
4321,19.910578
4322,19.920724
4323,19.921194
4324,19.931583
4325,19.935602
4326,19.939196
4327,19.954474
4328,19.955007
4329,19.958009
4330,19.960708
4331,19.964734
4332,19.970983
4333,19.976354
4334,19.989105
4335,19.992736
4336,19.997182
4337,19.999014
4338,20.000257
4339,20.008096
4340,20.00876
4341,20.019085
4342,20.021338
4343,20.028919
4344,20.038695
4345,20.047015
4346,20.050443
4347,20.054167
4348,20.063601
4349,20.064695
4350,20.066092
4351,20.068646
4352,20.078223
4353,20.082273
4354,20.084478
4355,20.088706
4356,20.093359
4357,20.1001
4358,20.105015
4359,20.119637
4360,20.124868
4361,20.130462
4362,20.132333
4363,20.139689
4364,20.143374
4365,20.144635
4366,20.151
4367,20.155244
4368,20.160895
4369,20.168717
4370,20.179462
4371,20.181015
4372,20.189321
4373,20.192844
4374,20.197323
4375,20.197873
4376,20.200449
4377,20.204239
4378,20.204668
4379,20.212451
4380,20.219697
4381,20.224828
4382,20.23118
4383,20.239725
4384,20.251018
4385,20.264436
4386,20.264655
4387,20.265881
4388,20.271615
4389,20.275233
4390,20.279224
4391,20.289394
4392,20.292297
4393,20.316624
4394,20.319603
4395,20.324091
4396,20.324973
4397,20.330675
4398,20.331092
4399,20.332019
4400,20.3387
4401,20.339743
4402,20.366016
4403,20.368363
4404,20.370739
4405,20.373482
4406,20.375582
4407,20.388578
4408,20.394363
4409,20.396335
4410,20.399882
4411,20.418004
4412,20.419617
4413,20.422859
4414,20.425199
4415,20.426186
4416,20.433774
4417,20.439112
4418,20.450637
4419,20.458872
4420,20.464372
4421,20.466073
4422,20.466891
4423,20.472875
4424,20.485677
4425,20.488368
4426,20.49755
4427,20.503447
4428,20.509456
4429,20.518526
4430,20.519112
4431,20.521851
4432,20.5233
4433,20.525357
4434,20.525878
4435,20.529956
4436,20.533334
4437,20.544859
4438,20.549982
4439,20.568639
4440,20.569531
4441,20.572959
4442,20.573184
4443,20.575147
4444,20.583841
4445,20.593114
4446,20.596871
4447,20.599614
4448,20.603022
4449,20.604873
4450,20.606272
4451,20.610849
4452,20.611874
4453,20.615056
4454,20.621364
4455,20.623001
4456,20.641502
4457,20.6528
4458,20.658879
4459,20.664091
4460,20.664327
4461,20.666037
4462,20.667254
4463,20.668101
4464,20.671602
4465,20.673077
4466,20.686361
4467,20.691081
4468,20.693336
4469,20.69609
4470,20.702109
4471,20.703367
4472,20.722095
4473,20.72337
4474,20.728991
4475,20.730371
4476,20.733279
4477,20.742096
4478,20.751597
4479,20.760172
4480,20.760844
4481,20.77212
4482,20.773098
4483,20.773594
4484,20.77595
4485,20.794832
4486,20.797377
4487,20.7996
4488,20.803391
4489,20.805657
4490,20.805926
4491,20.822364
4492,20.82333
4493,20.82642
4494,20.827241
4495,20.844189
4496,20.844886
4497,20.862217
4498,20.865402
4499,20.865741
4500,20.866513
4501,20.867009
4502,20.872113
4503,20.873375
4504,20.873387
4505,20.877024
4506,20.878598
4507,20.902852
4508,20.904094
4509,20.9221
4510,20.923348
4511,20.929232
4512,20.929533
4513,20.929547
4514,20.932067
4515,20.933891
4516,20.939708
4517,20.948104
4518,20.970962
4519,20.973232
4520,20.973605
4521,20.979861
4522,20.982609
4523,20.987185
4524,20.987332
4525,20.990013
4526,20.990716
4527,20.99073
4528,20.998587
4529,20.999187
4530,21.002693
4531,21.023697
4532,21.024743
4533,21.03635
4534,21.039601
4535,21.039626
4536,21.059297
4537,21.060631
4538,21.06168
4539,21.065949
4540,21.071913
4541,21.0732
4542,21.0771
4543,21.083124
4544,21.083727
4545,21.087126
4546,21.089352
4547,21.106705
4548,21.122785
4549,21.127726
4550,21.132186
4551,21.13317
4552,21.134697
4553,21.13536
4554,21.137801
4555,21.148965
4556,21.15654
4557,21.156966
4558,21.160717
4559,21.161373
4560,21.172368
4561,21.18201
4562,21.185886
4563,21.187704
4564,21.190271
4565,21.190286
4566,21.198979
4567,21.206855
4568,21.21821
4569,21.223106
4570,21.231887
4571,21.234792
4572,21.238661
4573,21.247969
4574,21.252506
4575,21.253455
4576,21.257865
4577,21.268088
4578,21.268584
4579,21.270616
4580,21.272673
4581,21.27291
4582,21.292646
4583,21.294139
4584,21.297864
4585,21.319244
4586,21.321875
4587,21.323095
4588,21.32495
4589,21.331971
4590,21.334177
4591,21.337279
4592,21.339396
4593,21.343522
4594,21.352998
4595,21.359471
4596,21.366614
4597,21.374037
4598,21.374064
4599,21.374176
4600,21.374429
4601,21.388072
4602,21.389081
4603,21.39844
4604,21.418469
4605,21.42372
4606,21.425338
4607,21.431199
4608,21.43409
4609,21.439056
4610,21.439079
4611,21.449875
4612,21.454499
4613,21.4592
4614,21.470754
4615,21.471467
4616,21.472771
4617,21.473321
4618,21.483006
4619,21.486733
4620,21.487449
4621,21.491023
4622,21.500577
4623,21.503324
4624,21.510579
4625,21.514958
4626,21.51661
4627,21.524131
4628,21.524683
4629,21.535213
4630,21.539357
4631,21.554213
4632,21.554608
4633,21.573193
4634,21.573862
4635,21.580721
4636,21.58234
4637,21.585224
4638,21.586493
4639,21.587842
4640,21.593598
4641,21.599223
4642,21.616104
4643,21.619097
4644,21.623609
4645,21.624072
4646,21.625098
4647,21.632608
4648,21.638525
4649,21.643351
4650,21.653955
4651,21.655153
4652,21.666615
4653,21.673622
4654,21.675112
4655,21.681618
4656,21.682368
4657,21.689135
4658,21.693095
4659,21.700223
4660,21.700236
4661,21.701237
4662,21.71543
4663,21.723505
4664,21.723866
4665,21.728601
4666,21.733851
4667,21.739645
4668,21.743032
4669,21.744127
4670,21.749003
4671,21.754371
4672,21.754797
4673,21.771937
4674,21.773633
4675,21.781363
4676,21.781884
4677,21.782602
4678,21.785135
4679,21.786601
4680,21.789604
4681,21.793854
4682,21.794512
4683,21.80113
4684,21.804019
4685,21.812922
4686,21.815966
4687,21.821872
4688,21.823869
4689,21.823895
4690,21.825915
4691,21.834623
4692,21.83787
4693,21.83914
4694,21.8426
4695,21.849588
4696,21.85087
4697,21.853863
4698,21.854321
4699,21.862349
4700,21.866884
4701,21.868549
4702,21.87387
4703,21.877878
4704,21.878367
4705,21.880759
4706,21.885853
4707,21.887692
4708,21.889353
4709,21.889871
4710,21.895873
4711,21.897857
4712,21.903605
4713,21.915606
4714,21.923351
4715,21.924323
4716,21.927677
4717,21.936061
4718,21.938228
4719,21.938855
4720,21.939578
4721,21.942637
4722,21.945103
4723,21.945576
4724,21.95086
4725,21.953906
4726,21.957331
4727,21.977119
4728,21.977634
4729,21.984377
4730,21.985837
4731,21.986236
4732,21.989345
4733,21.990621
4734,21.992852
4735,22.00035
4736,22.001849
4737,22.004616
4738,22.005373
4739,22.016234
4740,22.023445
4741,22.037722
4742,22.040149
4743,22.040822
4744,22.042523
4745,22.049425
4746,22.052858
4747,22.056224
4748,22.066652
4749,22.072087
4750,22.073879
4751,22.082204
4752,22.082505
4753,22.091362
4754,22.102233
4755,22.10701
4756,22.107631
4757,22.115616
4758,22.116243
4759,22.121092
4760,22.122961
4761,22.134351
4762,22.134376
4763,22.140821
4764,22.148175
4765,22.150948
4766,22.151743
4767,22.153695
4768,22.172457
4769,22.173254
4770,22.175502
4771,22.181203
4772,22.18263
4773,22.191323
4774,22.19659
4775,22.202037
4776,22.217089
4777,22.219184
4778,22.221315
4779,22.223486
4780,22.233956
4781,22.234933
4782,22.241275
4783,22.245865
4784,22.249084
4785,22.25701
4786,22.263454
4787,22.268596
4788,22.27496
4789,22.280891
4790,22.297077
4791,22.297951
4792,22.2996
4793,22.300955
4794,22.306313
4795,22.311853
4796,22.316352
4797,22.321655
4798,22.324697
4799,22.331206
4800,22.334876
4801,22.343887
4802,22.345602
4803,22.349202
4804,22.356458
4805,22.357604
4806,22.364513
4807,22.372874
4808,22.375107
4809,22.378873
4810,22.380875
4811,22.384449
4812,22.390591
4813,22.398418
4814,22.398992
4815,22.400246
4816,22.405315
4817,22.406088
4818,22.416221
4819,22.421266
4820,22.424566
4821,22.42645
4822,22.434357
4823,22.450808
4824,22.452004
4825,22.452978
4826,22.457208
4827,22.464263
4828,22.466742
4829,22.475013
4830,22.478602
4831,22.481934
4832,22.484092
4833,22.488686
4834,22.502245
4835,22.504963
4836,22.507238
4837,22.509369
4838,22.511371
4839,22.519365
4840,22.521962
4841,22.524601
4842,22.533345
4843,22.53497
4844,22.557342
4845,22.55894
4846,22.574651
4847,22.581846
4848,22.584177
4849,22.587378
4850,22.592859
4851,22.600699
4852,22.602032
4853,22.60536
4854,22.608113
4855,22.610139
4856,22.624036
4857,22.626233
4858,22.633705
4859,22.634328
4860,22.635113
4861,22.635336
4862,22.643372
4863,22.659983
4864,22.660358
4865,22.669712
4866,22.68435
4867,22.687626
4868,22.692759
4869,22.70048
4870,22.704899
4871,22.707657
4872,22.708441
4873,22.717208
4874,22.719484
4875,22.730451
4876,22.737622
4877,22.741086
4878,22.741596
4879,22.751982
4880,22.764892
4881,22.766863
4882,22.773739
4883,22.782955
4884,22.788237
4885,22.791489
4886,22.792756
4887,22.799736
4888,22.805264
4889,22.807085
4890,22.814563
4891,22.815064
4892,22.819353
4893,22.823798
4894,22.829095
4895,22.835342
4896,22.837949
4897,22.841702
4898,22.841716
4899,22.848671
4900,22.850226
4901,22.855576
4902,22.868228
4903,22.870983
4904,22.878206
4905,22.883631
4906,22.887581
4907,22.88947
4908,22.890974
4909,22.891783
4910,22.912195
4911,22.912888
4912,22.913152
4913,22.917587
4914,22.925794
4915,22.933618
4916,22.936118
4917,22.939107
4918,22.941116
4919,22.953003
4920,22.970118
4921,22.973596
4922,22.974939
4923,22.980502
4924,22.983529
4925,22.9851
4926,22.988506
4927,22.991001
4928,23.001654
4929,23.009352
4930,23.016472
4931,23.016731
4932,23.025163
4933,23.025303
4934,23.034217
4935,23.038234
4936,23.041386
4937,23.044568
4938,23.054375
4939,23.055677
4940,23.057636
4941,23.05836
4942,23.06277
4943,23.068538
4944,23.087207
4945,23.088268
4946,23.090183
4947,23.091769
4948,23.096608
4949,23.107971
4950,23.108598
4951,23.108611
4952,23.111879
4953,23.117248
4954,23.119706
4955,23.122848
4956,23.132631
4957,23.135884
4958,23.138673
4959,23.141882
4960,23.142376
4961,23.143119
4962,23.151395
4963,23.153511
4964,23.170862
4965,23.180605
4966,23.180632
4967,23.184094
4968,23.18412
4969,23.188106
4970,23.190959
4971,23.191352
4972,23.196335
4973,23.196358
4974,23.201855
4975,23.212339
4976,23.217207
4977,23.218535
4978,23.229211
4979,23.232468
4980,23.238465
4981,23.238878
4982,23.241139
4983,23.241421
4984,23.241568
4985,23.250345
4986,23.251465
4987,23.262599
4988,23.269374
4989,23.291245
4990,23.292467
4991,23.293095
4992,23.293495
4993,23.294348
4994,23.295099
4995,23.312614
4996,23.31285
4997,23.319219
4998,23.322406
4999,23.324351
5000,23.325575
5001,23.335855
5002,23.340434
5003,23.34088
5004,23.341028
5005,23.34431
5006,23.351606
5007,23.353556
5008,23.363132
5009,23.376497
5010,23.383667
5011,23.391812
5012,23.394093
5013,23.403247
5014,23.406195
5015,23.412348
5016,23.41787
5017,23.420476
5018,23.421345
5019,23.42172
5020,23.425444
5021,23.435346
5022,23.441728
5023,23.4551
5024,23.457098
5025,23.4587
5026,23.466109
5027,23.468362
5028,23.474081
5029,23.484338
5030,23.484855
5031,23.49214
5032,23.506109
5033,23.509417
5034,23.513226
5035,23.513995
5036,23.515686
5037,23.51597
5038,23.517074
5039,23.534498
5040,23.535247
5041,23.541656
5042,23.550534
5043,23.558874
5044,23.580806
5045,23.581974
5046,23.583697
5047,23.584323
5048,23.588106
5049,23.59135
5050,23.59498
5051,23.60161
5052,23.606603
5053,23.609359
5054,23.61106
5055,23.617535
5056,23.630583
5057,23.64176
5058,23.650985
5059,23.652837
5060,23.655493
5061,23.657637
5062,23.659087
5063,23.668371
5064,23.678872
5065,23.681724
5066,23.6901
5067,23.692566
5068,23.696092
5069,23.70675
5070,23.716301
5071,23.718102
5072,23.718117
5073,23.723352
5074,23.723385
5075,23.735176
5076,23.7407
5077,23.742251
5078,23.754457
5079,23.773858
5080,23.775707
5081,23.783836
5082,23.784235
5083,23.791584
5084,23.793335
5085,23.801954
5086,23.804103
5087,23.806128
5088,23.808799
5089,23.817714
5090,23.8184
5091,23.820974
5092,23.8221
5093,23.822875
5094,23.823836
5095,23.825151
5096,23.825549
5097,23.837861
5098,23.842235
5099,23.842369
5100,23.844101
5101,23.847928
5102,23.850634
5103,23.851421
5104,23.85568
5105,23.856853
5106,23.861119
5107,23.877596
5108,23.880291
5109,23.88536
5110,23.892542
5111,23.893353
5112,23.90424
5113,23.906631
5114,23.90834
5115,23.912046
5116,23.912606
5117,23.917134
5118,23.91734
5119,23.918606
5120,23.922125
5121,23.922149
5122,23.923006
5123,23.929873
5124,23.936867
5125,23.940868
5126,23.944628
5127,23.945846
5128,23.954678
5129,23.959599
5130,23.967099
5131,23.968218
5132,23.968342
5133,23.969317
5134,23.970991
5135,23.980376
5136,23.980718
5137,23.981094
5138,23.984126
5139,23.987604
5140,23.991327
5141,23.99247
5142,23.992645
5143,24.002603
5144,24.00735
5145,24.009388
5146,24.010635
5147,24.011384
5148,24.02094
5149,24.026854
5150,24.036121
5151,24.043094
5152,24.043604
5153,24.050588
5154,24.055259
5155,24.057634
5156,24.059691
5157,24.065501
5158,24.07612
5159,24.082094
5160,24.082838
5161,24.091614
5162,24.092439
5163,24.099372
5164,24.102868
5165,24.109768
5166,24.109782
5167,24.110515
5168,24.111868
5169,24.118344
5170,24.120827
5171,24.122144
5172,24.143262
5173,24.148208
5174,24.159888
5175,24.160634
5176,24.1625
5177,24.166892
5178,24.170342
5179,24.182867
5180,24.184616
5181,24.18463
5182,24.191269
5183,24.191734
5184,24.207941
5185,24.209609
5186,24.213601
5187,24.214119
5188,24.219611
5189,24.22092
5190,24.22737
5191,24.231398
5192,24.236523
5193,24.24235
5194,24.247716
5195,24.252732
5196,24.260469
5197,24.260593
5198,24.266845
5199,24.268096
5200,24.281354
5201,24.290599
5202,24.29215
5203,24.309689
5204,24.314603
5205,24.315113
5206,24.315601
5207,24.317418
5208,24.319585
5209,24.322331
5210,24.332097
5211,24.336004
5212,24.342133
5213,24.348648
5214,24.360273
5215,24.363736
5216,24.365888
5217,24.374219
5218,24.381399
5219,24.383721
5220,24.387117
5221,24.390872
5222,24.391918
5223,24.394147
5224,24.40243
5225,24.411005
5226,24.415355
5227,24.420915
5228,24.431325
5229,24.442601
5230,24.443575
5231,24.447855
5232,24.450107
5233,24.451041
5234,24.451055
5235,24.453829
5236,24.46959
5237,24.472874
5238,24.474561
5239,24.474574
5240,24.474685
5241,24.476008
5242,24.481584
5243,24.482456
5244,24.485979
5245,24.49359
5246,24.498337
5247,24.521108
5248,24.521135
5249,24.526362
5250,24.527343
5251,24.531374
5252,24.536109
5253,24.536428
5254,24.55135
5255,24.553358
5256,24.559096
5257,24.560732
5258,24.564112
5259,24.576573
5260,24.576975
5261,24.58055
5262,24.581977
5263,24.601964
5264,24.60233
5265,24.602348
5266,24.613945
5267,24.620364
5268,24.627517
5269,24.627533
5270,24.630775
5271,24.632236
5272,24.643646
5273,24.649854
5274,24.658991
5275,24.659874
5276,24.665882
5277,24.668977
5278,24.676976
5279,24.677342
5280,24.68157
5281,24.70688
5282,24.717115
5283,24.726986
5284,24.727163
5285,24.731928
5286,24.732387
5287,24.733003
5288,24.735721
5289,24.738337
5290,24.740888
5291,24.741105
5292,24.759104
5293,24.762988
5294,24.764895
5295,24.774157
5296,24.776946
5297,24.781597
5298,24.787614
5299,24.792149
5300,24.801997
5301,24.802138
5302,24.816343
5303,24.8241
5304,24.825856
5305,24.831856
5306,24.836346
5307,24.838879
5308,24.840323
5309,24.847625
5310,24.848151
5311,24.8546
5312,24.86088
5313,24.863608
5314,24.865152
5315,24.866934
5316,24.868627
5317,24.874243
5318,24.876355
5319,24.881774
5320,24.903865
5321,24.907887
5322,24.914119
5323,24.916019
5324,24.916858
5325,24.920411
5326,24.924036
5327,24.927442
5328,24.928246
5329,24.928837
5330,24.932373
5331,24.935853
5332,24.936122
5333,24.936615
5334,24.957667
5335,24.958996
5336,24.961127
5337,24.965908
5338,24.970603
5339,24.977969
5340,24.980949
5341,24.988386
5342,24.990852
5343,24.999958
5344,25.00204
5345,25.008169
5346,25.009877
5347,25.016368
5348,25.024096
5349,25.036248
5350,25.037116
5351,25.037263
5352,25.047712
5353,25.057877
5354,25.060595
5355,25.065894
5356,25.06912
5357,25.079646
5358,25.108004
5359,25.109595
5360,25.110151
5361,25.115662
5362,25.12408
5363,25.130719
5364,25.135993
5365,25.136223
5366,25.148758
5367,25.157636
5368,25.160154
5369,25.16608
5370,25.180934
5371,25.182808
5372,25.193911
5373,25.202313
5374,25.202862
5375,25.208089
5376,25.216421
5377,25.224398
5378,25.231647
5379,25.233169
5380,25.243525
5381,25.250637
5382,25.258103
5383,25.265998
5384,25.268849
5385,25.269625
5386,25.284608
5387,25.293629
5388,25.308213
5389,25.316123
5390,25.31712
5391,25.318467
5392,25.324393
5393,25.336378
5394,25.34065
5395,25.344376
5396,25.349368
5397,25.358022
5398,25.366107
5399,25.366366
5400,25.366941
5401,25.378955
5402,25.383734
5403,25.393846
5404,25.402778
5405,25.407754
5406,25.408223
5407,25.416461
5408,25.417902
5409,25.424982
5410,25.437562
5411,25.441877
5412,25.444832
5413,25.449357
5414,25.457991
5415,25.465339
5416,25.466608
5417,25.468763
5418,25.469608
5419,25.469886
5420,25.476587
5421,25.487089
5422,25.495239
5423,25.508245
5424,25.508365
5425,25.509717
5426,25.51688
5427,25.517094
5428,25.536597
5429,25.538098
5430,25.544031
5431,25.54911
5432,25.558351
5433,25.565132
5434,25.566478
5435,25.571734
5436,25.586078
5437,25.596113
5438,25.60259
5439,25.603861
5440,25.606081
5441,25.606093
5442,25.607835
5443,25.608108
5444,25.616837
5445,25.617537
5446,25.618088
5447,25.644341
5448,25.649597
5449,25.658343
5450,25.662019
5451,25.666251
5452,25.669195
5453,25.671222
5454,25.694201
5455,25.708111
5456,25.708327
5457,25.710458
5458,25.717336
5459,25.724106
5460,25.736621
5461,25.737759
5462,25.741982
5463,25.744124
5464,25.750095
5465,25.765232
5466,25.771601
5467,25.791608
5468,25.792593
5469,25.794352
5470,25.803332
5471,25.803846
5472,25.815414
5473,25.821514
5474,25.833857
5475,25.837608
5476,25.841226
5477,25.841808
5478,25.844114
5479,25.858434
5480,25.869782
5481,25.877732
5482,25.879927
5483,25.880001
5484,25.880014
5485,25.881669
5486,25.882366
5487,25.892194
5488,25.894518
5489,25.903949
5490,25.904722
5491,25.907221
5492,25.916597
5493,25.929147
5494,25.933509
5495,25.937101
5496,25.942029
5497,25.954114
5498,25.958597
5499,25.96025
5500,25.96228
5501,25.970985
5502,25.971258
5503,25.972459
5504,25.973505
5505,25.97711
5506,25.983262
5507,25.983611
5508,25.992088
5509,26.005356
5510,26.022109
5511,26.028185
5512,26.033086
5513,26.038213
5514,26.042089
5515,26.046593
5516,26.048346
5517,26.049965
5518,26.050719
5519,26.050734
5520,26.058241
5521,26.064093
5522,26.065472
5523,26.066643
5524,26.070983
5525,26.077953
5526,26.080143
5527,26.082359
5528,26.08318
5529,26.087885
5530,26.091711
5531,26.093674
5532,26.104235
5533,26.118603
5534,26.12026
5535,26.120726
5536,26.132458
5537,26.136736
5538,26.141007
5539,26.14233
5540,26.146463
5541,26.149336
5542,26.150684
5543,26.154009
5544,26.158234
5545,26.16494
5546,26.16899
5547,26.170842
5548,26.174792
5549,26.179141
5550,26.188745
5551,26.189562
5552,26.192095
5553,26.195165
5554,26.203199
5555,26.209723
5556,26.211193
5557,26.21225
5558,26.216845
5559,26.217944
5560,26.238232
5561,26.242137
5562,26.246359
5563,26.25013
5564,26.250736
5565,26.251598
5566,26.255259
5567,26.258486
5568,26.262362
5569,26.262378
5570,26.267117
5571,26.269443
5572,26.270427
5573,26.280601
5574,26.292368
5575,26.292708
5576,26.304118
5577,26.311468
5578,26.312261
5579,26.312861
5580,26.317459
5581,26.320122
5582,26.320711
5583,26.325694
5584,26.326463
5585,26.328715
5586,26.328732
5587,26.339454
5588,26.340775
5589,26.341989
5590,26.352193
5591,26.355598
5592,26.358373
5593,26.360118
5594,26.360553
5595,26.362219
5596,26.362344
5597,26.367177
5598,26.38067
5599,26.383333
5600,26.39321
5601,26.403702
5602,26.404437
5603,26.408603
5604,26.410762
5605,26.415213
5606,26.417703
5607,26.421715
5608,26.42318
5609,26.441989
5610,26.454942
5611,26.457094
5612,26.459007
5613,26.46222
5614,26.46567
5615,26.470352
5616,26.471774
5617,26.471785
5618,26.47787
5619,26.482718
5620,26.497356
5621,26.503848
5622,26.509483
5623,26.510597
5624,26.511728
5625,26.517246
5626,26.522354
5627,26.536959
5628,26.538009
5629,26.542115
5630,26.544243
5631,26.550717
5632,26.550863
5633,26.553166
5634,26.556592
5635,26.559259
5636,26.561362
5637,26.56487
5638,26.571864
5639,26.580606
5640,26.593742
5641,26.599984
5642,26.600585
5643,26.603642
5644,26.609593
5645,26.610863
5646,26.617791
5647,26.625447
5648,26.627089
5649,26.633589
5650,26.639819
5651,26.642594
5652,26.645975
5653,26.650698
5654,26.651719
5655,26.655852
5656,26.659122
5657,26.661332
5658,26.662846
5659,26.670359
5660,26.671899
5661,26.676982
5662,26.683231
5663,26.695678
5664,26.705738
5665,26.709837
5666,26.711082
5667,26.711958
5668,26.714182
5669,26.71558
5670,26.719832
5671,26.721058
5672,26.721069
5673,26.721685
5674,26.737143
5675,26.742616
5676,26.745627
5677,26.752451
5678,26.755351
5679,26.759651
5680,26.759784
5681,26.760347
5682,26.760991
5683,26.769343
5684,26.771849
5685,26.776371
5686,26.781504
5687,26.79271
5688,26.795608
5689,26.803753
5690,26.809882
5691,26.810633
5692,26.817407
5693,26.819107
5694,26.823103
5695,26.838891
5696,26.842591
5697,26.842602
5698,26.843487
5699,26.84573
5700,26.848855
5701,26.860364
5702,26.866589
5703,26.870185
5704,26.871082
5705,26.879218
5706,26.883977
5707,26.888223
5708,26.893059
5709,26.894048
5710,26.904697
5711,26.910942
5712,26.913872
5713,26.921032
5714,26.921351
5715,26.926334
5716,26.928975
5717,26.930994
5718,26.942604
5719,26.943524
5720,26.956358
5721,26.962041
5722,26.966075
5723,26.968754
5724,26.970992
5725,26.979109
5726,26.98609
5727,26.99302
5728,26.99392
5729,27.004215
5730,27.011144
5731,27.017716
5732,27.023114
5733,27.025838
5734,27.029147
5735,27.038598
5736,27.042898
5737,27.043967
5738,27.049624
5739,27.06187
5740,27.062593
5741,27.0646
5742,27.079151
5743,27.082852
5744,27.089106
5745,27.089723
5746,27.093224
5747,27.094652
5748,27.104504
5749,27.109333
5750,27.111603
5751,27.112893
5752,27.121521
5753,27.137438
5754,27.141735
5755,27.14309
5756,27.145592
5757,27.151368
5758,27.156363
5759,27.158862
5760,27.161868
5761,27.172017
5762,27.173088
5763,27.17862
5764,27.193948
5765,27.194442
5766,27.194592
5767,27.204525
5768,27.210677
5769,27.211024
5770,27.21465
5771,27.218102
5772,27.223749
5773,27.224574
5774,27.238857
5775,27.242964
5776,27.24451
5777,27.244634
5778,27.253136
5779,27.259091
5780,27.27089
5781,27.276496
5782,27.279874
5783,27.283124
5784,27.293618
5785,27.300597
5786,27.304621
5787,27.30534
5788,27.309119
5789,27.315953
5790,27.319842
5791,27.323846
5792,27.337852
5793,27.341444
5794,27.343107
5795,27.344678
5796,27.352477
5797,27.354147
5798,27.35748
5799,27.365676
5800,27.366457
5801,27.37229
5802,27.376494
5803,27.384462
5804,27.385608
5805,27.393468
5806,27.394763
5807,27.400994
5808,27.404138
5809,27.409871
5810,27.416097
5811,27.421025
5812,27.438845
5813,27.443102
5814,27.446629
5815,27.452599
5816,27.453265
5817,27.454165
5818,27.460089
5819,27.46575
5820,27.46895
5821,27.469092
5822,27.476477
5823,27.4781
5824,27.482874
5825,27.484021
5826,27.488978
5827,27.492955
5828,27.503326
5829,27.504475
5830,27.505575
5831,27.518353
5832,27.527728
5833,27.537328
5834,27.538555
5835,27.53953
5836,27.543479
5837,27.54383
5838,27.548188
5839,27.555334
5840,27.555859
5841,27.559985
5842,27.565659
5843,27.567361
5844,27.56959
5845,27.585218
5846,27.585603
5847,27.588964
5848,27.589819
5849,27.591745
5850,27.593339
5851,27.604749
5852,27.607519
5853,27.615851
5854,27.615993
5855,27.618595
5856,27.638098
5857,27.641479
5858,27.643323
5859,27.653099
5860,27.659957
5861,27.662783
5862,27.666103
5863,27.672839
5864,27.677755
5865,27.678
5866,27.684364
5867,27.688488
5868,27.689036
5869,27.693736
5870,27.707812
5871,27.711467
5872,27.713842
5873,27.716341
5874,27.722961
5875,27.72711
5876,27.729845
5877,27.738092
5878,27.739616
5879,27.740017
5880,27.743446
5881,27.751346
5882,27.759346
5883,27.760502
5884,27.763534
5885,27.766025
5886,27.766856
5887,27.771602
5888,27.779958
5889,27.785599
5890,27.787509
5891,27.793955
5892,27.797077
5893,27.817074
5894,27.817881
5895,27.820956
5896,27.822007
5897,27.829407
5898,27.835869
5899,27.838989
5900,27.843595
5901,27.848933
5902,27.85988
5903,27.860487
5904,27.866844
5905,27.867849
5906,27.868613
5907,27.871603
5908,27.88545
5909,27.893264
5910,27.893467
5911,27.89788
5912,27.905855
5913,27.908537
5914,27.916603
5915,27.918447
5916,27.921597
5917,27.923201
5918,27.92372
5919,27.933331
5920,27.936983
5921,27.937611
5922,27.94396
5923,27.943988
5924,27.952115
5925,27.957886
5926,27.960894
5927,27.966581
5928,27.967615
5929,27.971482
5930,27.972116
5931,27.980598
5932,27.98581
5933,27.989594
5934,27.992585
5935,27.993593
5936,27.998087
5937,27.999595
5938,28.01663
5939,28.022597
5940,28.02885
5941,28.030592
5942,28.034617
5943,28.043944
5944,28.052096
5945,28.055328
5946,28.059607
5947,28.072102
5948,28.072127
5949,28.07308
5950,28.080702
5951,28.082828
5952,28.085826
5953,28.087859
5954,28.092116
5955,28.092129
5956,28.094218
5957,28.114369
5958,28.115356
5959,28.11829
5960,28.118834
5961,28.123528
5962,28.124559
5963,28.12985
5964,28.134625
5965,28.139847
5966,28.144162
5967,28.163817
5968,28.175832
5969,28.176626
5970,28.183184
5971,28.186746
5972,28.193804
5973,28.194672
5974,28.205756
5975,28.2061
5976,28.210858
5977,28.212756
5978,28.213852
5979,28.222109
5980,28.232835
5981,28.233204
5982,28.238231
5983,28.243831
5984,28.252149
5985,28.259092
5986,28.264216
5987,28.272463
5988,28.274436
5989,28.274713
5990,28.281462
5991,28.28312
5992,28.286372
5993,28.286864
5994,28.293845
5995,28.293869
5996,28.30187
5997,28.309481
5998,28.31567
